{
"type": "FeatureCollection",
"name": "hotel_kl",
"crs": { "type": "name", "properties": { "name": "urn:ogc:def:crs:OGC:1.3:CRS84" } },
"features": [
{"type":"Feature","properties":{"fid":1,"tourism":"hotel","wheelchair":null,"website":null,"phone":null,"operator":null,"internet_access":"yes","brand":"Sheraton","name":"Sheraton Imperial Kuala Lumpur Hotel","stars":5,"rooms":398},"geometry":{"type":"Point","coordinates":[101.7000583,3.1588083]}},
{"type":"Feature","properties":{"fid":2,"tourism":"hotel","wheelchair":null,"website":null,"phone":null,"operator":null,"internet_access":null,"brand":null,"name":"Citin Masjid Jamek","stars":null,"rooms":null},"geometry":{"type":"Point","coordinates":[101.6961245,3.1512638]}},
{"type":"Feature","properties":{"fid":3,"tourism":"hotel","wheelchair":null,"website":null,"phone":null,"operator":null,"internet_access":null,"brand":"Ibis Styles","name":"Ibis Styles Kuala Lumpur Bukit Bintang","stars":null,"rooms":null},"geometry":{"type":"Point","coordinates":[101.7076369,3.1451796]}},
{"type":"Feature","properties":{"fid":4,"tourism":"hotel","wheelchair":null,"website":null,"phone":null,"operator":null,"internet_access":null,"brand":"MyHotel","name":"MyHotel","stars":3,"rooms":null},"geometry":{"type":"Point","coordinates":[101.6890339,3.1333068]}},
{"type":"Feature","properties":{"fid":5,"tourism":"guest_house","wheelchair":null,"website":null,"phone":null,"operator":"Impian Budget Inn","internet_access":null,"brand":null,"name":"Impian Budget Inn","stars":2,"rooms":null},"geometry":{"type":"Point","coordinates":[101.6895982,3.1326651]}},
{"type":"Feature","properties":{"fid":6,"tourism":"hotel","wheelchair":null,"website":"https://www.hilton.com/en/hotels/kulhihi-hilton-kuala-lumpur/","phone":"+60322642264","operator":"Hilton","internet_access":"yes","brand":"Hilton","name":"Hilton Kuala Lumpur","stars":5,"rooms":512},"geometry":{"type":"Point","coordinates":[101.6857595,3.1352656]}},
{"type":"Feature","properties":{"fid":7,"tourism":"hotel","wheelchair":null,"website":"https://www.marriott.com/en-us/hotels/kulrn-renaissance-kuala-lumpur-hotel-and-convention-centre/overview/?scid=f2ae0541-1279-4f24-b197-a979c79310b0","phone":"+60327068088","operator":null,"internet_access":"wlan","brand":"Renaissance","name":"Renaissance Kuala Lumpur Hotel","stars":5,"rooms":406},"geometry":{"type":"Point","coordinates":[101.705384,3.157215]}},
{"type":"Feature","properties":{"fid":8,"tourism":"hotel","wheelchair":null,"website":"https://www.princehotelkl.com/","phone":"+60321708888","operator":null,"internet_access":"wlan","brand":"Pullman","name":"Pullman","stars":5,"rooms":448},"geometry":{"type":"Point","coordinates":[101.7144661,3.1502588]}},
{"type":"Feature","properties":{"fid":9,"tourism":"hotel","wheelchair":null,"website":null,"phone":null,"operator":null,"internet_access":null,"brand":null,"name":"Hotel 128","stars":null,"rooms":null},"geometry":{"type":"Point","coordinates":[101.6733304,3.0592008]}},
{"type":"Feature","properties":{"fid":10,"tourism":"hotel","wheelchair":null,"website":null,"phone":null,"operator":null,"internet_access":null,"brand":null,"name":"Hotel Sri Petaling","stars":null,"rooms":null},"geometry":{"type":"Point","coordinates":[101.690083,3.0683614]}},
{"type":"Feature","properties":{"fid":11,"tourism":"hotel","wheelchair":null,"website":null,"phone":null,"operator":null,"internet_access":"wlan","brand":null,"name":"Floresta Hotel @ Chinatown","stars":null,"rooms":null},"geometry":{"type":"Point","coordinates":[101.6985575,3.1436954]}},
{"type":"Feature","properties":{"fid":12,"tourism":"hotel","wheelchair":null,"website":null,"phone":null,"operator":null,"internet_access":null,"brand":"Hotel Sempurna","name":"Hotel Sempurna","stars":null,"rooms":null},"geometry":{"type":"Point","coordinates":[101.7148947,3.1453392]}},
{"type":"Feature","properties":{"fid":13,"tourism":"hotel","wheelchair":"yes","website":null,"phone":null,"operator":null,"internet_access":null,"brand":"PARKROYAL","name":"PARKROYAL COLLECTION Kuala Lumpur","stars":null,"rooms":null},"geometry":{"type":"Point","coordinates":[101.7121987,3.1443335]}},
{"type":"Feature","properties":{"fid":14,"tourism":"hotel","wheelchair":null,"website":null,"phone":null,"operator":null,"internet_access":null,"brand":"Hotel Royal","name":"Hotel Royal","stars":null,"rooms":null},"geometry":{"type":"Point","coordinates":[101.7123324,3.1453091]}},
{"type":"Feature","properties":{"fid":15,"tourism":"hotel","wheelchair":null,"website":null,"phone":null,"operator":null,"internet_access":null,"brand":null,"name":"Bintang Fairlane Residences","stars":null,"rooms":null},"geometry":{"type":"Point","coordinates":[101.7126797,3.1450332]}},
{"type":"Feature","properties":{"fid":16,"tourism":"hotel","wheelchair":null,"website":"https://www.marriott.com/hotels/travel/kulmd-le-meridien-kuala-lumpur/","phone":"+60322637434","operator":null,"internet_access":null,"brand":"Le Méridien","name":"Le Méridien Kuala Lumpur","stars":null,"rooms":420},"geometry":{"type":"Point","coordinates":[101.6864422,3.135628]}},
{"type":"Feature","properties":{"fid":17,"tourism":"hotel","wheelchair":null,"website":null,"phone":"+60327203888","operator":null,"internet_access":"wlan","brand":null,"name":"Oakwood","stars":null,"rooms":null},"geometry":{"type":"Point","coordinates":[101.7289049,3.1609525]}},
{"type":"Feature","properties":{"fid":18,"tourism":"hotel","wheelchair":null,"website":null,"phone":null,"operator":null,"internet_access":null,"brand":null,"name":"Seko Suites","stars":null,"rooms":null},"geometry":{"type":"Point","coordinates":[101.6994336,3.1667537]}},
{"type":"Feature","properties":{"fid":19,"tourism":"hotel","wheelchair":null,"website":null,"phone":null,"operator":null,"internet_access":null,"brand":null,"name":"Five Senses Experience Suite","stars":null,"rooms":null},"geometry":{"type":"Point","coordinates":[101.6927975,3.1360618]}},
{"type":"Feature","properties":{"fid":20,"tourism":"hotel","wheelchair":null,"website":null,"phone":"+60379829226","operator":null,"internet_access":null,"brand":"City Hotel","name":"City Hotel","stars":null,"rooms":null},"geometry":{"type":"Point","coordinates":[101.6816424,3.0907694]}},
{"type":"Feature","properties":{"fid":21,"tourism":"hotel","wheelchair":"yes","website":"https://www.royalechulan-kualalumpur.com","phone":null,"operator":"Boustead Hotels and Resorts Sdn. Bhd.","internet_access":"yes","brand":null,"name":"Royale Chulan Kuala Lumpur","stars":5,"rooms":null},"geometry":{"type":"Point","coordinates":[101.7169644,3.1496976]}},
{"type":"Feature","properties":{"fid":22,"tourism":"guest_house","wheelchair":null,"website":null,"phone":null,"operator":"Feel Like Home Guest House","internet_access":null,"brand":null,"name":"Feel Like Home Guest House","stars":null,"rooms":null},"geometry":{"type":"Point","coordinates":[101.7156988,3.1121376]}},
{"type":"Feature","properties":{"fid":23,"tourism":"hotel","wheelchair":null,"website":null,"phone":null,"operator":null,"internet_access":null,"brand":null,"name":"Hotel Zamburger","stars":null,"rooms":null},"geometry":{"type":"Point","coordinates":[101.6948363,3.1660321]}},
{"type":"Feature","properties":{"fid":24,"tourism":"hotel","wheelchair":null,"website":"https://www.sanihotel.com.my/","phone":null,"operator":null,"internet_access":null,"brand":null,"name":"Sani Hotel","stars":null,"rooms":null},"geometry":{"type":"Point","coordinates":[101.6955146,3.1668816]}},
{"type":"Feature","properties":{"fid":25,"tourism":"hotel","wheelchair":null,"website":null,"phone":null,"operator":null,"internet_access":null,"brand":null,"name":"Hotel Wilayah","stars":null,"rooms":null},"geometry":{"type":"Point","coordinates":[101.6954209,3.1636386]}},
{"type":"Feature","properties":{"fid":26,"tourism":"hotel","wheelchair":null,"website":null,"phone":null,"operator":null,"internet_access":null,"brand":null,"name":"Berjaya Times Square Hotel","stars":null,"rooms":null},"geometry":{"type":"Point","coordinates":[101.7097651,3.1423368]}},
{"type":"Feature","properties":{"fid":27,"tourism":"hotel","wheelchair":"limited","website":"http://www.shangri-la.com/kualalumpur/","phone":"+60320322388","operator":null,"internet_access":"wlan","brand":"Shangri-La Hotels and Resorts","name":"Shangri-La Hotel","stars":5,"rooms":null},"geometry":{"type":"Point","coordinates":[101.7064587,3.1541698]}},
{"type":"Feature","properties":{"fid":28,"tourism":"hotel","wheelchair":null,"website":"http://www.dutahotel.com/","phone":null,"operator":null,"internet_access":null,"brand":null,"name":"Duta Hotel & Residence","stars":null,"rooms":null},"geometry":{"type":"Point","coordinates":[101.6851462,3.1759203]}},
{"type":"Feature","properties":{"fid":29,"tourism":"hotel","wheelchair":null,"website":null,"phone":null,"operator":null,"internet_access":null,"brand":null,"name":"Chill Inn","stars":null,"rooms":null},"geometry":{"type":"Point","coordinates":[101.6972064,3.146891]}},
{"type":"Feature","properties":{"fid":30,"tourism":"hotel","wheelchair":null,"website":"https://valenza.com.my/","phone":"+60379726100","operator":null,"internet_access":"wlan","brand":null,"name":"Valenza Hotel & Cafe","stars":null,"rooms":null},"geometry":{"type":"Point","coordinates":[101.6783081,3.1130667]}},
{"type":"Feature","properties":{"fid":31,"tourism":"hotel","wheelchair":null,"website":null,"phone":null,"operator":null,"internet_access":null,"brand":"Pearl Point International Hotel","name":"Pearl Point International Hotel","stars":null,"rooms":null},"geometry":{"type":"Point","coordinates":[101.6734404,3.0849425]}},
{"type":"Feature","properties":{"fid":32,"tourism":"hotel","wheelchair":null,"website":null,"phone":null,"operator":null,"internet_access":null,"brand":null,"name":"Dynasty Hotel","stars":null,"rooms":null},"geometry":{"type":"Point","coordinates":[101.6916874,3.1719129]}},
{"type":"Feature","properties":{"fid":33,"tourism":"hotel","wheelchair":null,"website":null,"phone":"+60320707309","operator":null,"internet_access":null,"brand":"A-one Hotel","name":"A-one Hotel","stars":null,"rooms":null},"geometry":{"type":"Point","coordinates":[101.696113,3.1474077]}},
{"type":"Feature","properties":{"fid":34,"tourism":"hotel","wheelchair":null,"website":null,"phone":null,"operator":null,"internet_access":null,"brand":null,"name":null,"stars":null,"rooms":null},"geometry":{"type":"Point","coordinates":[101.7299929,3.12716]}},
{"type":"Feature","properties":{"fid":35,"tourism":"hotel","wheelchair":null,"website":null,"phone":null,"operator":null,"internet_access":null,"brand":null,"name":"D'Or Hotel","stars":null,"rooms":null},"geometry":{"type":"Point","coordinates":[101.7070954,3.145776]}},
{"type":"Feature","properties":{"fid":36,"tourism":"hostel","wheelchair":null,"website":"https://www.birdnestghouse.com/","phone":null,"operator":null,"internet_access":null,"brand":null,"name":"Birdnest Collective","stars":null,"rooms":null},"geometry":{"type":"Point","coordinates":[101.6967977,3.1427638]}},
{"type":"Feature","properties":{"fid":37,"tourism":"hotel","wheelchair":null,"website":null,"phone":null,"operator":null,"internet_access":null,"brand":null,"name":"Silka Maytower Hotel & Serviced Residences","stars":null,"rooms":null},"geometry":{"type":"Point","coordinates":[101.698399,3.1541429]}},
{"type":"Feature","properties":{"fid":38,"tourism":"hotel","wheelchair":null,"website":null,"phone":null,"operator":null,"internet_access":"wlan","brand":null,"name":"The Chow Kit","stars":null,"rooms":null},"geometry":{"type":"Point","coordinates":[101.6968765,3.1602797]}},
{"type":"Feature","properties":{"fid":39,"tourism":"hotel","wheelchair":null,"website":"https://www.damas-suites.com/","phone":"+60362032333","operator":null,"internet_access":null,"brand":null,"name":"Damas Suites & Residences","stars":null,"rooms":null},"geometry":{"type":"Point","coordinates":[101.6564517,3.162224]}},
{"type":"Feature","properties":{"fid":40,"tourism":"motel","wheelchair":null,"website":null,"phone":null,"operator":null,"internet_access":null,"brand":"MH Hotel & Residence","name":"MH Hotel & Residence","stars":null,"rooms":null},"geometry":{"type":"Point","coordinates":[101.7296594,3.122073]}},
{"type":"Feature","properties":{"fid":41,"tourism":"hotel","wheelchair":null,"website":"https://www.hotelsummerview.com/","phone":"+60322601818","operator":null,"internet_access":"wlan","brand":null,"name":"Summer View","stars":3,"rooms":null},"geometry":{"type":"Point","coordinates":[101.689952,3.1327028]}},
{"type":"Feature","properties":{"fid":42,"tourism":"hotel","wheelchair":null,"website":null,"phone":null,"operator":null,"internet_access":null,"brand":null,"name":"Aditya Hotel","stars":null,"rooms":null},"geometry":{"type":"Point","coordinates":[101.6720255,3.0847254]}},
{"type":"Feature","properties":{"fid":43,"tourism":"hotel","wheelchair":null,"website":null,"phone":"+60392328688","operator":null,"internet_access":null,"brand":"Ibis Styles","name":"ibis Styles Kuala Lumpur Fraser Business Park","stars":null,"rooms":null},"geometry":{"type":"Point","coordinates":[101.714899,3.1289794]}},
{"type":"Feature","properties":{"fid":44,"tourism":"hotel","wheelchair":null,"website":"https://www.thewolo.com/","phone":null,"operator":null,"internet_access":null,"brand":"WOLO","name":"WOLO Bukit Bintang","stars":null,"rooms":null},"geometry":{"type":"Point","coordinates":[101.7114291,3.1470748]}},
{"type":"Feature","properties":{"fid":45,"tourism":"hotel","wheelchair":null,"website":null,"phone":null,"operator":null,"internet_access":null,"brand":null,"name":"Indigo","stars":null,"rooms":null},"geometry":{"type":"Point","coordinates":[101.6301146,3.1950905]}},
{"type":"Feature","properties":{"fid":46,"tourism":"hotel","wheelchair":null,"website":null,"phone":null,"operator":null,"internet_access":null,"brand":null,"name":"Hotel Taiuba Inn","stars":null,"rooms":null},"geometry":{"type":"Point","coordinates":[101.7097425,3.1384684]}},
{"type":"Feature","properties":{"fid":47,"tourism":"hotel","wheelchair":null,"website":null,"phone":null,"operator":null,"internet_access":null,"brand":null,"name":"Orkid Hills Hotel","stars":null,"rooms":null},"geometry":{"type":"Point","coordinates":[101.7099536,3.1391793]}},
{"type":"Feature","properties":{"fid":48,"tourism":"hotel","wheelchair":null,"website":"https://www.micasahotel.com/","phone":"+60321798000","operator":null,"internet_access":null,"brand":null,"name":"MiCasa All Suite Hotel","stars":null,"rooms":null},"geometry":{"type":"Point","coordinates":[101.722858,3.1568759]}},
{"type":"Feature","properties":{"fid":49,"tourism":"hotel","wheelchair":null,"website":null,"phone":null,"operator":null,"internet_access":null,"brand":null,"name":"The 5 Elements","stars":null,"rooms":null},"geometry":{"type":"Point","coordinates":[101.698736,3.1438532]}},
{"type":"Feature","properties":{"fid":50,"tourism":"hotel","wheelchair":null,"website":null,"phone":null,"operator":null,"internet_access":null,"brand":null,"name":"Katel Kuala Lumpur","stars":null,"rooms":null},"geometry":{"type":"Point","coordinates":[101.6962278,3.1547458]}},
{"type":"Feature","properties":{"fid":51,"tourism":"hotel","wheelchair":null,"website":null,"phone":null,"operator":null,"internet_access":null,"brand":null,"name":"Swiss Hotel","stars":null,"rooms":null},"geometry":{"type":"Point","coordinates":[101.6952746,3.1515005]}},
{"type":"Feature","properties":{"fid":52,"tourism":"hotel","wheelchair":null,"website":"http://www.kl-sentral.myhotels.com.my/","phone":"+60322748000","operator":null,"internet_access":"wlan","brand":null,"name":"My Hotel @ KL Sentral","stars":null,"rooms":null},"geometry":{"type":"Point","coordinates":[101.6876323,3.1318484]}},
{"type":"Feature","properties":{"fid":53,"tourism":"hotel","wheelchair":null,"website":"pacific-regency.com","phone":null,"operator":null,"internet_access":null,"brand":null,"name":"Pacific Regency Hotel Apartments","stars":null,"rooms":null},"geometry":{"type":"Point","coordinates":[101.7053566,3.1528999]}},
{"type":"Feature","properties":{"fid":54,"tourism":"apartment","wheelchair":"limited","website":"https://www.rentnow.my/","phone":"+60340436090","operator":null,"internet_access":null,"brand":null,"name":"RentNow Apartment Rental","stars":null,"rooms":null},"geometry":{"type":"Point","coordinates":[101.6936258,3.1678136]}},
{"type":"Feature","properties":{"fid":55,"tourism":"hotel","wheelchair":null,"website":"http://www.leapplehotel.com.my/","phone":"+60321415604","operator":null,"internet_access":null,"brand":null,"name":"Le Apple Boutique","stars":null,"rooms":null},"geometry":{"type":"Point","coordinates":[101.7115344,3.1480341]}},
{"type":"Feature","properties":{"fid":57,"tourism":"apartment","wheelchair":null,"website":null,"phone":"+60169783495,+60321105821","operator":null,"internet_access":null,"brand":null,"name":null,"stars":null,"rooms":null},"geometry":{"type":"Point","coordinates":[101.7109355,3.142551]}},
{"type":"Feature","properties":{"fid":58,"tourism":"hostel","wheelchair":null,"website":"http://www.theexplorersguesthouse.com/","phone":"+60320222200","operator":null,"internet_access":null,"brand":null,"name":"The Explorers Guesthouse","stars":null,"rooms":null},"geometry":{"type":"Point","coordinates":[101.696705,3.1455731]}},
{"type":"Feature","properties":{"fid":59,"tourism":"hotel","wheelchair":"yes","website":"https://centralcityhotel.com.my","phone":"+60124003771","operator":null,"internet_access":"yes","brand":null,"name":"Central City Hotel Chinatown","stars":null,"rooms":99},"geometry":{"type":"Point","coordinates":[101.7012421,3.1460451]}},
{"type":"Feature","properties":{"fid":60,"tourism":"guest_house","wheelchair":null,"website":null,"phone":null,"operator":null,"internet_access":null,"brand":null,"name":"Penginapan Pengembara Backpackers","stars":null,"rooms":null},"geometry":{"type":"Point","coordinates":[101.6967309,3.1445393]}},
{"type":"Feature","properties":{"fid":61,"tourism":"hotel","wheelchair":null,"website":null,"phone":null,"operator":null,"internet_access":null,"brand":null,"name":"12Fly Hotel","stars":null,"rooms":null},"geometry":{"type":"Point","coordinates":[101.7069285,3.1452502]}},
{"type":"Feature","properties":{"fid":62,"tourism":"hotel","wheelchair":null,"website":null,"phone":null,"operator":null,"internet_access":null,"brand":null,"name":"Emerald","stars":null,"rooms":null},"geometry":{"type":"Point","coordinates":[101.7075253,3.1436494]}},
{"type":"Feature","properties":{"fid":63,"tourism":"hotel","wheelchair":null,"website":null,"phone":null,"operator":null,"internet_access":null,"brand":"Metro","name":"Metro","stars":null,"rooms":null},"geometry":{"type":"Point","coordinates":[101.7081355,3.1425762]}},
{"type":"Feature","properties":{"fid":64,"tourism":"hotel","wheelchair":null,"website":"http://daffodils-park-kl.kualalumpurhoteltour.com/","phone":null,"operator":null,"internet_access":null,"brand":null,"name":"Daffodils Park","stars":2,"rooms":null},"geometry":{"type":"Point","coordinates":[101.7078787,3.1432529]}},
{"type":"Feature","properties":{"fid":65,"tourism":"hotel","wheelchair":null,"website":null,"phone":null,"operator":null,"internet_access":null,"brand":"Sky","name":"Sky","stars":null,"rooms":null},"geometry":{"type":"Point","coordinates":[101.7081094,3.1436253]}},
{"type":"Feature","properties":{"fid":66,"tourism":"hotel","wheelchair":null,"website":null,"phone":null,"operator":null,"internet_access":null,"brand":null,"name":"Alibaba","stars":null,"rooms":null},"geometry":{"type":"Point","coordinates":[101.7075276,3.143462]}},
{"type":"Feature","properties":{"fid":67,"tourism":"hotel","wheelchair":null,"website":null,"phone":null,"operator":null,"internet_access":null,"brand":null,"name":"Golden Palace","stars":null,"rooms":null},"geometry":{"type":"Point","coordinates":[101.7075746,3.143389]}},
{"type":"Feature","properties":{"fid":68,"tourism":"hotel","wheelchair":null,"website":"www.leapple-klcc.com.my","phone":"+60321793777","operator":null,"internet_access":"wlan","brand":null,"name":"de King Boutique Hotel KLCC","stars":null,"rooms":null},"geometry":{"type":"Point","coordinates":[101.7146181,3.1596547]}},
{"type":"Feature","properties":{"fid":69,"tourism":"guest_house","wheelchair":null,"website":"http://www.bodhilodge.com/","phone":null,"operator":null,"internet_access":"wlan","brand":null,"name":"The Bodhi Lodge","stars":1,"rooms":8},"geometry":{"type":"Point","coordinates":[101.679632,3.1293846]}},
{"type":"Feature","properties":{"fid":70,"tourism":"guest_house","wheelchair":null,"website":null,"phone":"+60320221522","operator":null,"internet_access":null,"brand":null,"name":"Oasis Guest House","stars":2,"rooms":null},"geometry":{"type":"Point","coordinates":[101.6978582,3.1420571]}},
{"type":"Feature","properties":{"fid":71,"tourism":"hotel","wheelchair":null,"website":"https://www.verdanthillhotel.com/","phone":"+60320310360","operator":null,"internet_access":"wlan","brand":null,"name":"Verdant Hill","stars":4,"rooms":null},"geometry":{"type":"Point","coordinates":[101.7063706,3.1492565]}},
{"type":"Feature","properties":{"fid":72,"tourism":"hostel","wheelchair":null,"website":null,"phone":null,"operator":null,"internet_access":null,"brand":null,"name":"RevoPackers","stars":null,"rooms":null},"geometry":{"type":"Point","coordinates":[101.7092381,3.14116]}},
{"type":"Feature","properties":{"fid":73,"tourism":"hotel","wheelchair":null,"website":null,"phone":null,"operator":null,"internet_access":"wlan","brand":null,"name":"WP Hotel","stars":4,"rooms":null},"geometry":{"type":"Point","coordinates":[101.6976127,3.1621526]}},
{"type":"Feature","properties":{"fid":74,"tourism":"hotel","wheelchair":null,"website":"https://nusentralhotel.com","phone":"+60322749000","operator":null,"internet_access":null,"brand":null,"name":"Nu Hotel","stars":null,"rooms":null},"geometry":{"type":"Point","coordinates":[101.6880081,3.132191]}},
{"type":"Feature","properties":{"fid":75,"tourism":"hotel","wheelchair":null,"website":"http://www.lotusgroup.com.my/business_hotels.html","phone":null,"operator":null,"internet_access":null,"brand":null,"name":"Lotus Hotel","stars":null,"rooms":null},"geometry":{"type":"Point","coordinates":[101.6844187,3.1294907]}},
{"type":"Feature","properties":{"fid":76,"tourism":"hostel","wheelchair":null,"website":null,"phone":null,"operator":null,"internet_access":null,"brand":null,"name":"Sunshine Bedz","stars":null,"rooms":null},"geometry":{"type":"Point","coordinates":[101.7109338,3.1470539]}},
{"type":"Feature","properties":{"fid":77,"tourism":"hostel","wheelchair":null,"website":"http://www.dormskl.com/","phone":null,"operator":null,"internet_access":"wlan","brand":null,"name":"Dorms KL","stars":null,"rooms":3},"geometry":{"type":"Point","coordinates":[101.7069286,3.1456707]}},
{"type":"Feature","properties":{"fid":78,"tourism":"hostel","wheelchair":null,"website":"https://dengbahostel.blogspot.com/","phone":null,"operator":null,"internet_access":"wlan","brand":null,"name":"Dengba Hostel","stars":null,"rooms":null},"geometry":{"type":"Point","coordinates":[101.7088522,3.1462284]}},
{"type":"Feature","properties":{"fid":79,"tourism":"hotel","wheelchair":null,"website":null,"phone":null,"operator":null,"internet_access":null,"brand":null,"name":null,"stars":null,"rooms":null},"geometry":{"type":"Point","coordinates":[101.7479068,3.1582275]}},
{"type":"Feature","properties":{"fid":80,"tourism":"hotel","wheelchair":"yes","website":"https://www.hilton.com/en/hotels/kuldtdi-doubletree-kuala-lumpur/","phone":"+60321727272","operator":"Hilton","internet_access":null,"brand":"DoubleTree","name":"DoubleTree by Hilton Hotel Kuala Lumpur","stars":5,"rooms":538},"geometry":{"type":"Point","coordinates":[101.719828,3.1617227]}},
{"type":"Feature","properties":{"fid":81,"tourism":"hotel","wheelchair":null,"website":"https://www.swingandpillows.com/","phone":null,"operator":null,"internet_access":null,"brand":null,"name":"Swing and Pillows","stars":2,"rooms":null},"geometry":{"type":"Point","coordinates":[101.7097208,3.1260775]}},
{"type":"Feature","properties":{"fid":82,"tourism":"hotel","wheelchair":null,"website":null,"phone":null,"operator":null,"internet_access":"wlan","brand":"AC Hotel","name":"AC Hotel Kuala Lumpur","stars":null,"rooms":362},"geometry":{"type":"Point","coordinates":[101.6957368,3.1716829]}},
{"type":"Feature","properties":{"fid":83,"tourism":"hostel","wheelchair":null,"website":null,"phone":null,"operator":null,"internet_access":"wlan","brand":null,"name":"Hotel Maison Boutique","stars":null,"rooms":null},"geometry":{"type":"Point","coordinates":[101.7103099,3.1390792]}},
{"type":"Feature","properties":{"fid":84,"tourism":"guest_house","wheelchair":null,"website":"https://www.stepinnguesthouse.com/","phone":"+60320707770","operator":null,"internet_access":"wlan","brand":null,"name":"Step Inn Guest House","stars":null,"rooms":null},"geometry":{"type":"Point","coordinates":[101.7013671,3.1463486]}},
{"type":"Feature","properties":{"fid":85,"tourism":"hotel","wheelchair":null,"website":null,"phone":"+60321418828","operator":null,"internet_access":null,"brand":null,"name":"Melange Boutique Hotel","stars":null,"rooms":null},"geometry":{"type":"Point","coordinates":[101.7089249,3.1465801]}},
{"type":"Feature","properties":{"fid":86,"tourism":"hotel","wheelchair":null,"website":null,"phone":null,"operator":null,"internet_access":null,"brand":null,"name":"Mizie Hotel","stars":null,"rooms":null},"geometry":{"type":"Point","coordinates":[101.6942077,3.1668467]}},
{"type":"Feature","properties":{"fid":87,"tourism":"hotel","wheelchair":null,"website":null,"phone":null,"operator":null,"internet_access":null,"brand":null,"name":"Swimg & Pillows Co-Living","stars":null,"rooms":null},"geometry":{"type":"Point","coordinates":[101.6979877,3.1475936]}},
{"type":"Feature","properties":{"fid":88,"tourism":"hotel","wheelchair":null,"website":"http://www.travelodgecitycentre.com","phone":"+60320322288","operator":null,"internet_access":null,"brand":"Travelodge","name":"Travelodge City Centre","stars":3,"rooms":null},"geometry":{"type":"Point","coordinates":[101.695612,3.1440108]}},
{"type":"Feature","properties":{"fid":89,"tourism":"hotel","wheelchair":null,"website":null,"phone":null,"operator":null,"internet_access":null,"brand":"Aira Hotel","name":"Aira Hotel","stars":null,"rooms":null},"geometry":{"type":"Point","coordinates":[101.6961175,3.1629127]}},
{"type":"Feature","properties":{"fid":90,"tourism":"hotel","wheelchair":null,"website":null,"phone":null,"operator":null,"internet_access":"wlan","brand":"City Hotel","name":"City Hotel","stars":null,"rooms":null},"geometry":{"type":"Point","coordinates":[101.6980176,3.141971]}},
{"type":"Feature","properties":{"fid":91,"tourism":"hotel","wheelchair":null,"website":"https://www.crystalcrownkl.com/","phone":"+60362594422","operator":null,"internet_access":"yes","brand":"Crystal Crown","name":"Crystal Crown Hotel Kuala Lumpur","stars":null,"rooms":null},"geometry":{"type":"Point","coordinates":[101.6683226,3.2041115]}},
{"type":"Feature","properties":{"fid":92,"tourism":"hotel","wheelchair":null,"website":null,"phone":null,"operator":null,"internet_access":null,"brand":null,"name":"Sakura Elite","stars":null,"rooms":null},"geometry":{"type":"Point","coordinates":[101.7019937,3.145873]}},
{"type":"Feature","properties":{"fid":93,"tourism":"hotel","wheelchair":null,"website":"http://www.casavilla2u.com/","phone":"+60320220063","operator":null,"internet_access":null,"brand":null,"name":"Casa Villa","stars":null,"rooms":null},"geometry":{"type":"Point","coordinates":[101.7012567,3.146684]}},
{"type":"Feature","properties":{"fid":94,"tourism":"hostel","wheelchair":null,"website":null,"phone":"+60320222628","operator":null,"internet_access":null,"brand":null,"name":"Denai - The Backpackers Residence","stars":null,"rooms":null},"geometry":{"type":"Point","coordinates":[101.6985701,3.1432436]}},
{"type":"Feature","properties":{"fid":95,"tourism":"hotel","wheelchair":null,"website":null,"phone":null,"operator":null,"internet_access":null,"brand":null,"name":"Hotel Nan Yeang","stars":null,"rooms":null},"geometry":{"type":"Point","coordinates":[101.6987132,3.1441401]}},
{"type":"Feature","properties":{"fid":96,"tourism":"hotel","wheelchair":null,"website":"https://sohotownhotel.com","phone":"+60320318133","operator":null,"internet_access":null,"brand":null,"name":"Soho Town","stars":null,"rooms":null},"geometry":{"type":"Point","coordinates":[101.69871,3.1450282]}},
{"type":"Feature","properties":{"fid":97,"tourism":"hotel","wheelchair":null,"website":null,"phone":null,"operator":null,"internet_access":null,"brand":null,"name":"Enclave Business Hotel","stars":null,"rooms":null},"geometry":{"type":"Point","coordinates":[101.6979737,3.1452382]}},
{"type":"Feature","properties":{"fid":98,"tourism":"hostel","wheelchair":null,"website":"http://podsbackpacker.com/","phone":"+60322760858","operator":null,"internet_access":"wlan","brand":null,"name":"PODs The Backpackers Home & Cafe","stars":null,"rooms":null},"geometry":{"type":"Point","coordinates":[101.6878915,3.1317956]}},
{"type":"Feature","properties":{"fid":99,"tourism":"hotel","wheelchair":null,"website":null,"phone":null,"operator":null,"internet_access":null,"brand":null,"name":"D'Majestic Place","stars":null,"rooms":null},"geometry":{"type":"Point","coordinates":[101.7117031,3.1366553]}},
{"type":"Feature","properties":{"fid":100,"tourism":"hotel","wheelchair":null,"website":null,"phone":null,"operator":null,"internet_access":null,"brand":null,"name":"Surya","stars":null,"rooms":null},"geometry":{"type":"Point","coordinates":[101.6971419,3.1526895]}},
{"type":"Feature","properties":{"fid":101,"tourism":"hotel","wheelchair":null,"website":null,"phone":null,"operator":null,"internet_access":null,"brand":null,"name":"Palace","stars":null,"rooms":null},"geometry":{"type":"Point","coordinates":[101.6970905,3.1525861]}},
{"type":"Feature","properties":{"fid":102,"tourism":"hotel","wheelchair":null,"website":"https://macktzcomfortinn.com/hotel/hotel-mackt-comfort-inn/","phone":"+60326946211","operator":null,"internet_access":null,"brand":null,"name":"MK Inn Hotel","stars":null,"rooms":null},"geometry":{"type":"Point","coordinates":[101.6972105,3.1530049]}},
{"type":"Feature","properties":{"fid":103,"tourism":"hotel","wheelchair":null,"website":null,"phone":null,"operator":null,"internet_access":null,"brand":null,"name":"Metrostar","stars":null,"rooms":null},"geometry":{"type":"Point","coordinates":[101.6974313,3.154009]}},
{"type":"Feature","properties":{"fid":104,"tourism":"hotel","wheelchair":null,"website":"www.simmshotel.com.my","phone":"+60321451180","operator":null,"internet_access":"wlan","brand":"Simms Boutique Hotel","name":"Simms Boutique Hotel","stars":null,"rooms":null},"geometry":{"type":"Point","coordinates":[101.707646,3.1432712]}},
{"type":"Feature","properties":{"fid":105,"tourism":"hotel","wheelchair":null,"website":null,"phone":"+60391001133","operator":null,"internet_access":null,"brand":"Silka Hotel","name":"Silka Hotel","stars":null,"rooms":null},"geometry":{"type":"Point","coordinates":[101.7442048,3.0788237]}},
{"type":"Feature","properties":{"fid":106,"tourism":"hotel","wheelchair":null,"website":null,"phone":null,"operator":null,"internet_access":null,"brand":null,"name":"The Grand Campbell","stars":null,"rooms":null},"geometry":{"type":"Point","coordinates":[101.6969515,3.1561496]}},
{"type":"Feature","properties":{"fid":107,"tourism":"hotel","wheelchair":null,"website":null,"phone":"+60326159000","operator":null,"internet_access":null,"brand":null,"name":"Hotel Sentral Pudu","stars":null,"rooms":null},"geometry":{"type":"Point","coordinates":[101.7100021,3.1388487]}},
{"type":"Feature","properties":{"fid":108,"tourism":"hotel","wheelchair":null,"website":"http://1000mileskl.com/","phone":"+60320223333","operator":null,"internet_access":null,"brand":null,"name":"1000 Miles","stars":null,"rooms":null},"geometry":{"type":"Point","coordinates":[101.6980107,3.1490815]}},
{"type":"Feature","properties":{"fid":109,"tourism":"hostel","wheelchair":null,"website":"http://www.submarinehotels.com","phone":null,"operator":null,"internet_access":null,"brand":null,"name":"Submarine Guest House","stars":null,"rooms":21},"geometry":{"type":"Point","coordinates":[101.6966462,3.1428525]}},
{"type":"Feature","properties":{"fid":110,"tourism":"hotel","wheelchair":null,"website":null,"phone":null,"operator":null,"internet_access":null,"brand":null,"name":"City Comfort","stars":null,"rooms":null},"geometry":{"type":"Point","coordinates":[101.7129214,3.1395604]}},
{"type":"Feature","properties":{"fid":111,"tourism":"hostel","wheelchair":"no","website":"http://travelhubkl.com/","phone":"+60123902339","operator":null,"internet_access":"wlan","brand":null,"name":"The Travel Hub","stars":null,"rooms":null},"geometry":{"type":"Point","coordinates":[101.6972754,3.1414174]}},
{"type":"Feature","properties":{"fid":112,"tourism":"hotel","wheelchair":null,"website":null,"phone":null,"operator":null,"internet_access":null,"brand":null,"name":"Bryqs Hotel","stars":null,"rooms":null},"geometry":{"type":"Point","coordinates":[101.6911441,3.1353561]}},
{"type":"Feature","properties":{"fid":113,"tourism":"hotel","wheelchair":null,"website":null,"phone":null,"operator":null,"internet_access":null,"brand":null,"name":"Lodge Paradize Hotel","stars":null,"rooms":null},"geometry":{"type":"Point","coordinates":[101.7098386,3.150599]}},
{"type":"Feature","properties":{"fid":114,"tourism":"hotel","wheelchair":null,"website":null,"phone":null,"operator":null,"internet_access":null,"brand":"Ambassador","name":"Ambassador","stars":2,"rooms":null},"geometry":{"type":"Point","coordinates":[101.7111994,3.1475002]}},
{"type":"Feature","properties":{"fid":115,"tourism":"hostel","wheelchair":null,"website":null,"phone":null,"operator":null,"internet_access":null,"brand":null,"name":"Mingle Chinatown Hostel","stars":null,"rooms":null},"geometry":{"type":"Point","coordinates":[101.6988241,3.142932]}},
{"type":"Feature","properties":{"fid":116,"tourism":"hotel","wheelchair":null,"website":null,"phone":null,"operator":null,"internet_access":null,"brand":"Hotel 81","name":"Hotel 81","stars":null,"rooms":null},"geometry":{"type":"Point","coordinates":[101.713915,3.1283973]}},
{"type":"Feature","properties":{"fid":117,"tourism":"hostel","wheelchair":null,"website":"https://raizzy.com/","phone":null,"operator":null,"internet_access":"yes","brand":null,"name":"Raizzy's Guesthouse","stars":null,"rooms":null},"geometry":{"type":"Point","coordinates":[101.6964662,3.1432257]}},
{"type":"Feature","properties":{"fid":118,"tourism":"hostel","wheelchair":null,"website":"https://travellerspalm-kl.com/","phone":"+60321454745","operator":null,"internet_access":"wlan","brand":null,"name":"Travellers Palm lodge","stars":null,"rooms":null},"geometry":{"type":"Point","coordinates":[101.7087454,3.1465612]}},
{"type":"Feature","properties":{"fid":119,"tourism":"hotel","wheelchair":null,"website":"https://www.metrohotels.com.my/MetroHotelKlSentral","phone":"+60322735000","operator":null,"internet_access":null,"brand":"Metro Hotel","name":"Metro Hotel @ KL Sentral","stars":null,"rooms":null},"geometry":{"type":"Point","coordinates":[101.6888783,3.1329976]}},
{"type":"Feature","properties":{"fid":120,"tourism":"hostel","wheelchair":null,"website":"http://www.rainforest.com.my","phone":null,"operator":null,"internet_access":"wlan","brand":null,"name":"Rain Forest","stars":null,"rooms":null},"geometry":{"type":"Point","coordinates":[101.6980571,3.1418967]}},
{"type":"Feature","properties":{"fid":121,"tourism":"hotel","wheelchair":null,"website":null,"phone":null,"operator":null,"internet_access":null,"brand":null,"name":"Peninsula Residences","stars":null,"rooms":null},"geometry":{"type":"Point","coordinates":[101.669973,3.1506077]}},
{"type":"Feature","properties":{"fid":122,"tourism":"hotel","wheelchair":null,"website":null,"phone":"+60320786666","operator":null,"internet_access":null,"brand":null,"name":"Hotel 99","stars":null,"rooms":null},"geometry":{"type":"Point","coordinates":[101.7017168,3.1459394]}},
{"type":"Feature","properties":{"fid":123,"tourism":"hotel","wheelchair":null,"website":null,"phone":null,"operator":null,"internet_access":null,"brand":null,"name":"Hotel Transit","stars":null,"rooms":null},"geometry":{"type":"Point","coordinates":[101.7014301,3.1460315]}},
{"type":"Feature","properties":{"fid":124,"tourism":"hotel","wheelchair":null,"website":null,"phone":null,"operator":null,"internet_access":null,"brand":null,"name":"Hotel City Inn","stars":null,"rooms":null},"geometry":{"type":"Point","coordinates":[101.6972302,3.1424139]}},
{"type":"Feature","properties":{"fid":125,"tourism":"hotel","wheelchair":null,"website":null,"phone":null,"operator":null,"internet_access":null,"brand":"Hotel New Winner","name":"Hotel New Winner","stars":null,"rooms":null},"geometry":{"type":"Point","coordinates":[101.6886894,3.1328595]}},
{"type":"Feature","properties":{"fid":126,"tourism":"hotel","wheelchair":null,"website":"https://hotelsentral.com.my/","phone":"+60322726000","operator":null,"internet_access":"wlan","brand":"Hotel Sentral","name":"Hotel Sentral","stars":3,"rooms":null},"geometry":{"type":"Point","coordinates":[101.6882079,3.1320949]}},
{"type":"Feature","properties":{"fid":127,"tourism":"hotel","wheelchair":null,"website":"http://www.aloftkualalumpursentral.com/","phone":"+60327231188","operator":null,"internet_access":"wlan","brand":"Aloft","name":"Aloft Kuala Lumpur Sentral","stars":4,"rooms":482},"geometry":{"type":"Point","coordinates":[101.6860698,3.1329651]}},
{"type":"Feature","properties":{"fid":128,"tourism":"hotel","wheelchair":null,"website":"http://www.stregiskualalumpur.com/","phone":"+60327271111","operator":null,"internet_access":"wlan","brand":null,"name":"The St. Regis Kuala Lumpur","stars":5,"rooms":208},"geometry":{"type":"Point","coordinates":[101.6887576,3.1366351]}},
{"type":"Feature","properties":{"fid":129,"tourism":"hotel","wheelchair":null,"website":null,"phone":null,"operator":null,"internet_access":null,"brand":null,"name":"Star Sentral","stars":null,"rooms":null},"geometry":{"type":"Point","coordinates":[101.687882,3.1329003]}},
{"type":"Feature","properties":{"fid":130,"tourism":"guest_house","wheelchair":null,"website":"http://www.submarinehotels.com/","phone":null,"operator":null,"internet_access":"wlan","brand":null,"name":"Submarine @ Central Market","stars":null,"rooms":15},"geometry":{"type":"Point","coordinates":[101.6961285,3.1456802]}},
{"type":"Feature","properties":{"fid":131,"tourism":"hotel","wheelchair":null,"website":"https://www.mysignaturehotel.com.my/","phone":"+60322749595","operator":null,"internet_access":"wlan","brand":null,"name":"Signature Hotel","stars":2,"rooms":null},"geometry":{"type":"Point","coordinates":[101.6872183,3.1314996]}},
{"type":"Feature","properties":{"fid":132,"tourism":"hostel","wheelchair":null,"website":null,"phone":null,"operator":null,"internet_access":null,"brand":null,"name":null,"stars":null,"rooms":null},"geometry":{"type":"Point","coordinates":[101.6496515,3.0709751]}},
{"type":"Feature","properties":{"fid":133,"tourism":"hotel","wheelchair":null,"website":"https://www.the-ascott.com/malaysia/kuala-lumpur/ascott-sentral-kuala-lumpur/","phone":"+60327279999","operator":null,"internet_access":null,"brand":null,"name":"Ascott Sentral","stars":null,"rooms":157},"geometry":{"type":"Point","coordinates":[101.6849956,3.1311009]}},
{"type":"Feature","properties":{"fid":134,"tourism":"apartment","wheelchair":null,"website":"https://summersuites.com.my/","phone":"+60163169986","operator":"Mercu","internet_access":null,"brand":null,"name":"Summer Suites Residences","stars":4,"rooms":null},"geometry":{"type":"Point","coordinates":[101.704979,3.1589074]}},
{"type":"Feature","properties":{"fid":135,"tourism":"hotel","wheelchair":null,"website":"https://www.hotelmaya.com.my/","phone":"+60327118866","operator":null,"internet_access":"wlan","brand":"Maya","name":"Hotel Maya","stars":5,"rooms":null},"geometry":{"type":"Point","coordinates":[101.7080652,3.1586497]}},
{"type":"Feature","properties":{"fid":136,"tourism":"hostel","wheelchair":null,"website":"https://www.reggaehostelsmalaysia.com/","phone":"+60320726877;+60320726878","operator":null,"internet_access":"yes","brand":null,"name":"Reggae Mansion Hostel","stars":null,"rooms":null},"geometry":{"type":"Point","coordinates":[101.6971161,3.1480038]}},
{"type":"Feature","properties":{"fid":137,"tourism":"hotel","wheelchair":null,"website":null,"phone":"+60320315668","operator":null,"internet_access":null,"brand":"Hollywood Inn","name":"Hollywood Inn","stars":1,"rooms":null},"geometry":{"type":"Point","coordinates":[101.6974265,3.1481039]}},
{"type":"Feature","properties":{"fid":138,"tourism":"hotel","wheelchair":null,"website":"http://www.yy48hotel.com.my/","phone":"+60320224448","operator":null,"internet_access":null,"brand":"YY48","name":"YY48","stars":null,"rooms":null},"geometry":{"type":"Point","coordinates":[101.6973736,3.14855]}},
{"type":"Feature","properties":{"fid":139,"tourism":"hotel","wheelchair":null,"website":null,"phone":"+60320786314","operator":null,"internet_access":null,"brand":null,"name":"Drop Inn Logde","stars":null,"rooms":null},"geometry":{"type":"Point","coordinates":[101.6982781,3.1494094]}},
{"type":"Feature","properties":{"fid":140,"tourism":"hotel","wheelchair":null,"website":null,"phone":"+60320260042","operator":"Mutiara Meriah Sdn Bhd","internet_access":null,"brand":"1915","name":"1915","stars":2,"rooms":null},"geometry":{"type":"Point","coordinates":[101.6972422,3.1488086]}},
{"type":"Feature","properties":{"fid":141,"tourism":"hotel","wheelchair":null,"website":null,"phone":"+60320262254","operator":null,"internet_access":null,"brand":"Hotel Al-Amin","name":"Hotel Al-Amin","stars":null,"rooms":null},"geometry":{"type":"Point","coordinates":[101.696784,3.1488268]}},
{"type":"Feature","properties":{"fid":142,"tourism":"hotel","wheelchair":null,"website":"http://www.thewestinkualalumpur.com","phone":"+60327318333","operator":"Marriott International","internet_access":"wlan","brand":"Westin","name":"The Westin Kuala Lumpur","stars":5,"rooms":443},"geometry":{"type":"Point","coordinates":[101.7145666,3.1479165]}},
{"type":"Feature","properties":{"fid":143,"tourism":"hotel","wheelchair":null,"website":null,"phone":null,"operator":null,"internet_access":"wlan","brand":"Victory Street","name":"Victory Street","stars":2,"rooms":47},"geometry":{"type":"Point","coordinates":[101.7176327,3.14505]}},
{"type":"Feature","properties":{"fid":144,"tourism":"hotel","wheelchair":null,"website":null,"phone":null,"operator":null,"internet_access":null,"brand":null,"name":"Estana Golden","stars":null,"rooms":null},"geometry":{"type":"Point","coordinates":[101.7143588,3.1445503]}},
{"type":"Feature","properties":{"fid":145,"tourism":"hotel","wheelchair":null,"website":null,"phone":null,"operator":null,"internet_access":null,"brand":null,"name":"My Hotel @ Bukit Bintang","stars":null,"rooms":null},"geometry":{"type":"Point","coordinates":[101.7059532,3.1446042]}},
{"type":"Feature","properties":{"fid":146,"tourism":"hotel","wheelchair":null,"website":null,"phone":null,"operator":null,"internet_access":null,"brand":null,"name":"Kingston Hotel","stars":null,"rooms":null},"geometry":{"type":"Point","coordinates":[101.7065646,3.1449395]}},
{"type":"Feature","properties":{"fid":147,"tourism":"hotel","wheelchair":null,"website":null,"phone":null,"operator":null,"internet_access":null,"brand":null,"name":"Town View","stars":1,"rooms":null},"geometry":{"type":"Point","coordinates":[101.7097252,3.1462279]}},
{"type":"Feature","properties":{"fid":148,"tourism":"hotel","wheelchair":null,"website":"http://www.alorboutiquehotel.com/","phone":"+60321100626","operator":null,"internet_access":null,"brand":null,"name":"Alor Boutique","stars":3,"rooms":null},"geometry":{"type":"Point","coordinates":[101.7094742,3.1465469]}},
{"type":"Feature","properties":{"fid":149,"tourism":"hotel","wheelchair":null,"website":"http://aurabukitbintang.com/","phone":"+60321102575","operator":null,"internet_access":"yes","brand":null,"name":"Aura","stars":3,"rooms":null},"geometry":{"type":"Point","coordinates":[101.7093753,3.1466323]}},
{"type":"Feature","properties":{"fid":150,"tourism":"hotel","wheelchair":null,"website":"http://www.daycocoonhotels.com/","phone":"+60321101812","operator":null,"internet_access":"yes","brand":null,"name":"Day Cocoon","stars":2,"rooms":null},"geometry":{"type":"Point","coordinates":[101.7092369,3.1467289]}},
{"type":"Feature","properties":{"fid":151,"tourism":"hotel","wheelchair":null,"website":"https://www.ramadaklcc.com/","phone":"+60323869288","operator":null,"internet_access":null,"brand":"Ramada","name":"Ramada Suites KLCC","stars":null,"rooms":null},"geometry":{"type":"Point","coordinates":[101.7076336,3.1484854]}},
{"type":"Feature","properties":{"fid":152,"tourism":"hotel","wheelchair":null,"website":"http://bukitbintang.izumihotel.com/","phone":"+60321458833","operator":null,"internet_access":"wlan","brand":null,"name":"Izumi","stars":3,"rooms":108},"geometry":{"type":"Point","coordinates":[101.710126,3.1471471]}},
{"type":"Feature","properties":{"fid":153,"tourism":"hotel","wheelchair":null,"website":"http://lacommeinn.com.my/","phone":"+60321415151","operator":null,"internet_access":"wlan","brand":null,"name":"LaComme Inn","stars":3,"rooms":98},"geometry":{"type":"Point","coordinates":[101.7089727,3.1482532]}},
{"type":"Feature","properties":{"fid":154,"tourism":"hotel","wheelchair":null,"website":null,"phone":null,"operator":null,"internet_access":null,"brand":null,"name":"Raissa Boutique Hotel","stars":null,"rooms":null},"geometry":{"type":"Point","coordinates":[101.7097371,3.1479407]}},
{"type":"Feature","properties":{"fid":155,"tourism":"hotel","wheelchair":null,"website":"http://www.vla-hotels.com/vlaheritagehotelkl.html","phone":"+60321440112","operator":null,"internet_access":"wlan","brand":null,"name":"V'la Heritage","stars":3,"rooms":20},"geometry":{"type":"Point","coordinates":[101.7081978,3.1480081]}},
{"type":"Feature","properties":{"fid":156,"tourism":"hotel","wheelchair":null,"website":"http://www.vividshotel.com/","phone":"+60321102423","operator":null,"internet_access":"wlan","brand":null,"name":"Vivids","stars":3,"rooms":20},"geometry":{"type":"Point","coordinates":[101.7078758,3.1481666]}},
{"type":"Feature","properties":{"fid":157,"tourism":"hotel","wheelchair":null,"website":"https://staywithbintang.com/","phone":"+60327790199","operator":null,"internet_access":"wlan","brand":null,"name":"Starus","stars":3,"rooms":null},"geometry":{"type":"Point","coordinates":[101.7083015,3.1471664]}},
{"type":"Feature","properties":{"fid":158,"tourism":"hotel","wheelchair":null,"website":"https://dviewinnhotel.blogspot.ch/","phone":"+603214166361","operator":null,"internet_access":null,"brand":null,"name":"D'View Inn","stars":null,"rooms":null},"geometry":{"type":"Point","coordinates":[101.7095972,3.148253]}},
{"type":"Feature","properties":{"fid":159,"tourism":"hotel","wheelchair":null,"website":"https://www.kljournalhotel.com/","phone":"+60321102211","operator":null,"internet_access":"wlan","brand":null,"name":"The KL Journal","stars":3,"rooms":20},"geometry":{"type":"Point","coordinates":[101.7104301,3.1481868]}},
{"type":"Feature","properties":{"fid":160,"tourism":"hotel","wheelchair":null,"website":"http://yy38hotel.com.my/","phone":"+60321488838","operator":null,"internet_access":null,"brand":null,"name":"YY38","stars":2,"rooms":null},"geometry":{"type":"Point","coordinates":[101.7076663,3.1464226]}},
{"type":"Feature","properties":{"fid":161,"tourism":"hotel","wheelchair":null,"website":null,"phone":null,"operator":null,"internet_access":null,"brand":null,"name":"Comfort Inn","stars":null,"rooms":null},"geometry":{"type":"Point","coordinates":[101.709113,3.1467983]}},
{"type":"Feature","properties":{"fid":162,"tourism":"hotel","wheelchair":null,"website":null,"phone":null,"operator":null,"internet_access":null,"brand":null,"name":"Star Mew's Hotel","stars":null,"rooms":null},"geometry":{"type":"Point","coordinates":[101.7080949,3.1473114]}},
{"type":"Feature","properties":{"fid":163,"tourism":"hotel","wheelchair":null,"website":null,"phone":null,"operator":null,"internet_access":null,"brand":null,"name":"Starion Hotel","stars":null,"rooms":null},"geometry":{"type":"Point","coordinates":[101.7097606,3.1454448]}},
{"type":"Feature","properties":{"fid":164,"tourism":"hotel","wheelchair":null,"website":null,"phone":null,"operator":null,"internet_access":null,"brand":null,"name":"SS Grey Hotel","stars":null,"rooms":null},"geometry":{"type":"Point","coordinates":[101.7097184,3.1456839]}},
{"type":"Feature","properties":{"fid":165,"tourism":"hotel","wheelchair":null,"website":null,"phone":null,"operator":null,"internet_access":null,"brand":"Taiichi","name":"Taiichi","stars":null,"rooms":null},"geometry":{"type":"Point","coordinates":[101.7098674,3.1458155]}},
{"type":"Feature","properties":{"fid":166,"tourism":"hotel","wheelchair":null,"website":null,"phone":null,"operator":null,"internet_access":null,"brand":null,"name":"Bintang Collections","stars":null,"rooms":null},"geometry":{"type":"Point","coordinates":[101.7096456,3.1456074]}},
{"type":"Feature","properties":{"fid":167,"tourism":"hotel","wheelchair":null,"website":null,"phone":null,"operator":null,"internet_access":null,"brand":null,"name":"Cardogan","stars":null,"rooms":null},"geometry":{"type":"Point","coordinates":[101.7094612,3.1454821]}},
{"type":"Feature","properties":{"fid":168,"tourism":"hotel","wheelchair":null,"website":"https://themesuihotel.com/","phone":"+60321448188","operator":null,"internet_access":null,"brand":null,"name":"The Mesui","stars":3,"rooms":null},"geometry":{"type":"Point","coordinates":[101.7082137,3.1487657]}},
{"type":"Feature","properties":{"fid":169,"tourism":"hotel","wheelchair":null,"website":"https://www.rainforestbnbhotel.com/","phone":"+60321453525","operator":null,"internet_access":null,"brand":null,"name":"Rainforest Bed & Breakfast","stars":null,"rooms":null},"geometry":{"type":"Point","coordinates":[101.7086379,3.1485912]}},
{"type":"Feature","properties":{"fid":170,"tourism":"hotel","wheelchair":"yes","website":null,"phone":null,"operator":null,"internet_access":"wlan","brand":null,"name":"IDEAS Kuala Lumpur","stars":null,"rooms":null},"geometry":{"type":"Point","coordinates":[101.6943774,3.1587981]}},
{"type":"Feature","properties":{"fid":171,"tourism":"hotel","wheelchair":"yes","website":"https://www.eqkualalumpur.com/","phone":"+60327897777","operator":null,"internet_access":"wlan","brand":"EQ","name":"EQ","stars":5,"rooms":440},"geometry":{"type":"Point","coordinates":[101.7097204,3.1529815]}},
{"type":"Feature","properties":{"fid":172,"tourism":"hotel","wheelchair":null,"website":null,"phone":null,"operator":null,"internet_access":null,"brand":null,"name":"Lotus Family","stars":null,"rooms":null},"geometry":{"type":"Point","coordinates":[101.6965687,3.1587388]}},
{"type":"Feature","properties":{"fid":173,"tourism":"hotel","wheelchair":null,"website":null,"phone":null,"operator":null,"internet_access":null,"brand":"Time Hotel","name":"Time Hotel","stars":null,"rooms":null},"geometry":{"type":"Point","coordinates":[101.68841,3.0914285]}},
{"type":"Feature","properties":{"fid":174,"tourism":"hotel","wheelchair":null,"website":null,"phone":null,"operator":null,"internet_access":null,"brand":null,"name":"1st Centro Hotel","stars":null,"rooms":null},"geometry":{"type":"Point","coordinates":[101.6719516,3.084682]}},
{"type":"Feature","properties":{"fid":175,"tourism":"hotel","wheelchair":null,"website":null,"phone":null,"operator":null,"internet_access":null,"brand":null,"name":"TAD Boutique Hotel","stars":null,"rooms":null},"geometry":{"type":"Point","coordinates":[101.6721526,3.0861361]}},
{"type":"Feature","properties":{"fid":176,"tourism":"hotel","wheelchair":null,"website":null,"phone":null,"operator":null,"internet_access":null,"brand":"Signature Hotel","name":"Signature Hotel","stars":null,"rooms":null},"geometry":{"type":"Point","coordinates":[101.6692829,3.1161554]}},
{"type":"Feature","properties":{"fid":177,"tourism":"hotel","wheelchair":null,"website":null,"phone":null,"operator":null,"internet_access":null,"brand":null,"name":"Koptown Hotel","stars":null,"rooms":null},"geometry":{"type":"Point","coordinates":[101.6690107,3.1166153]}},
{"type":"Feature","properties":{"fid":178,"tourism":"hotel","wheelchair":null,"website":"https://sekeping.com/tenggiri/home.html","phone":"+60172075977","operator":null,"internet_access":"wlan","brand":null,"name":"Sekeping Tenggiri","stars":null,"rooms":7},"geometry":{"type":"Point","coordinates":[101.6695822,3.1215699]}},
{"type":"Feature","properties":{"fid":179,"tourism":"hotel","wheelchair":null,"website":null,"phone":null,"operator":null,"internet_access":null,"brand":null,"name":"Bintang Garden","stars":null,"rooms":null},"geometry":{"type":"Point","coordinates":[101.7085745,3.1447396]}},
{"type":"Feature","properties":{"fid":180,"tourism":"guest_house","wheelchair":null,"website":"http://www.travelogue-kl.com","phone":"+60321100628","operator":null,"internet_access":"wlan","brand":null,"name":"Travelogue","stars":null,"rooms":null},"geometry":{"type":"Point","coordinates":[101.7108599,3.146746]}},
{"type":"Feature","properties":{"fid":181,"tourism":"hotel","wheelchair":null,"website":"http://littleindia.mysignaturehotel.com.my/","phone":"+60322724435","operator":null,"internet_access":"wlan","brand":"Signature Hotel","name":"Signature Hotel","stars":1,"rooms":null},"geometry":{"type":"Point","coordinates":[101.6811052,3.1276398]}},
{"type":"Feature","properties":{"fid":182,"tourism":"hotel","wheelchair":null,"website":"https://www.majestickl.com/","phone":"+60327858000","operator":null,"internet_access":null,"brand":null,"name":"The Majestic Hotel Kuala Lumpur, Autograph Collection","stars":5,"rooms":300},"geometry":{"type":"Point","coordinates":[101.6920636,3.1385629]}},
{"type":"Feature","properties":{"fid":183,"tourism":"hotel","wheelchair":null,"website":null,"phone":null,"operator":null,"internet_access":null,"brand":null,"name":"Hotel 29","stars":null,"rooms":null},"geometry":{"type":"Point","coordinates":[101.6507684,3.0644444]}},
{"type":"Feature","properties":{"fid":184,"tourism":"hotel","wheelchair":null,"website":"http://www.leoleisure.com.my/","phone":"+60320311733","operator":null,"internet_access":null,"brand":null,"name":"Leo Leisure","stars":null,"rooms":null},"geometry":{"type":"Point","coordinates":[101.6959878,3.1465099]}},
{"type":"Feature","properties":{"fid":185,"tourism":"hotel","wheelchair":null,"website":null,"phone":"+60340422614","operator":"OYO","internet_access":null,"brand":"OYO","name":"OYO Comfort Hotel","stars":1,"rooms":null},"geometry":{"type":"Point","coordinates":[101.6917658,3.1730365]}},
{"type":"Feature","properties":{"fid":186,"tourism":"hotel","wheelchair":null,"website":null,"phone":"+60340479999","operator":null,"internet_access":null,"brand":null,"name":"Alamis City","stars":3,"rooms":null},"geometry":{"type":"Point","coordinates":[101.696332,3.1646887]}},
{"type":"Feature","properties":{"fid":187,"tourism":"hotel","wheelchair":null,"website":"https://www.grocersinn.com.my/","phone":"+60320787906","operator":null,"internet_access":"wlan","brand":null,"name":"Grocer's Inn","stars":null,"rooms":null},"geometry":{"type":"Point","coordinates":[101.6985612,3.144132]}},
{"type":"Feature","properties":{"fid":188,"tourism":"guest_house","wheelchair":null,"website":"http://www.etikainn.com.my/","phone":"+60320322676","operator":null,"internet_access":null,"brand":null,"name":"Etika Inn","stars":2,"rooms":null},"geometry":{"type":"Point","coordinates":[101.6985618,3.1440775]}},
{"type":"Feature","properties":{"fid":189,"tourism":"hotel","wheelchair":null,"website":null,"phone":null,"operator":null,"internet_access":null,"brand":null,"name":"Brickfields Park Hotel","stars":null,"rooms":null},"geometry":{"type":"Point","coordinates":[101.6842863,3.1291567]}},
{"type":"Feature","properties":{"fid":190,"tourism":"hotel","wheelchair":null,"website":null,"phone":null,"operator":null,"internet_access":null,"brand":null,"name":"Hotel Mjoy","stars":null,"rooms":null},"geometry":{"type":"Point","coordinates":[101.6836738,3.1286629]}},
{"type":"Feature","properties":{"fid":191,"tourism":"hotel","wheelchair":null,"website":null,"phone":"+60178991434","operator":null,"internet_access":null,"brand":null,"name":"Sky","stars":2,"rooms":null},"geometry":{"type":"Point","coordinates":[101.7100105,3.140688]}},
{"type":"Feature","properties":{"fid":192,"tourism":"hotel","wheelchair":null,"website":null,"phone":"+60322763766","operator":null,"internet_access":null,"brand":null,"name":"Joy Inn","stars":1,"rooms":null},"geometry":{"type":"Point","coordinates":[101.6885038,3.132406]}},
{"type":"Feature","properties":{"fid":193,"tourism":"hotel","wheelchair":null,"website":"http://www.brickfields.myhotels.com.my/","phone":"+60322605000","operator":null,"internet_access":null,"brand":null,"name":"My Hotel @ Brickfields","stars":1,"rooms":null},"geometry":{"type":"Point","coordinates":[101.6902189,3.1335081]}},
{"type":"Feature","properties":{"fid":194,"tourism":"hotel","wheelchair":null,"website":"https://lavanahotel.com","phone":"+60320222001","operator":null,"internet_access":null,"brand":"Lavana","name":"Lavana","stars":null,"rooms":null},"geometry":{"type":"Point","coordinates":[101.6957975,3.1435081]}},
{"type":"Feature","properties":{"fid":195,"tourism":"hotel","wheelchair":null,"website":null,"phone":"+60322761699","operator":null,"internet_access":"wlan","brand":null,"name":"Cozy Hotel","stars":null,"rooms":null},"geometry":{"type":"Point","coordinates":[101.6883154,3.1325417]}},
{"type":"Feature","properties":{"fid":196,"tourism":"hotel","wheelchair":null,"website":null,"phone":null,"operator":null,"internet_access":null,"brand":null,"name":"Goldbrick","stars":null,"rooms":null},"geometry":{"type":"Point","coordinates":[101.7098832,3.1455414]}},
{"type":"Feature","properties":{"fid":197,"tourism":"hotel","wheelchair":null,"website":null,"phone":null,"operator":null,"internet_access":"wlan","brand":null,"name":"Ufo capsule hotel","stars":null,"rooms":null},"geometry":{"type":"Point","coordinates":[101.7098948,3.1412169]}},
{"type":"Feature","properties":{"fid":198,"tourism":"hotel","wheelchair":null,"website":null,"phone":null,"operator":null,"internet_access":null,"brand":null,"name":"Hotel LSN","stars":null,"rooms":null},"geometry":{"type":"Point","coordinates":[101.7328754,3.080888]}},
{"type":"Feature","properties":{"fid":199,"tourism":"hotel","wheelchair":null,"website":null,"phone":null,"operator":null,"internet_access":null,"brand":null,"name":"1 Hotel","stars":null,"rooms":null},"geometry":{"type":"Point","coordinates":[101.7329931,3.080832]}},
{"type":"Feature","properties":{"fid":200,"tourism":"hotel","wheelchair":null,"website":null,"phone":null,"operator":null,"internet_access":null,"brand":null,"name":"Arenaa Star","stars":null,"rooms":null},"geometry":{"type":"Point","coordinates":[101.6987694,3.1487909]}},
{"type":"Feature","properties":{"fid":201,"tourism":"hotel","wheelchair":null,"website":null,"phone":null,"operator":null,"internet_access":null,"brand":"Top Living Hotel","name":"Top Living Hotel","stars":null,"rooms":null},"geometry":{"type":"Point","coordinates":[101.735908,3.2030473]}},
{"type":"Feature","properties":{"fid":202,"tourism":"hotel","wheelchair":null,"website":null,"phone":null,"operator":null,"internet_access":null,"brand":"Hotel Smile","name":"Hotel Smile","stars":null,"rooms":null},"geometry":{"type":"Point","coordinates":[101.7362955,3.2033237]}},
{"type":"Feature","properties":{"fid":203,"tourism":"hotel","wheelchair":null,"website":null,"phone":null,"operator":null,"internet_access":null,"brand":"Hotel Smart","name":"Hotel Smart","stars":null,"rooms":null},"geometry":{"type":"Point","coordinates":[101.7367463,3.2040935]}},
{"type":"Feature","properties":{"fid":204,"tourism":"hotel","wheelchair":null,"website":"http://www.ancasahotels.com","phone":"+60320722688","operator":null,"internet_access":"wlan","brand":null,"name":"Ancasa Express @ Pudu","stars":null,"rooms":null},"geometry":{"type":"Point","coordinates":[101.7009338,3.1456009]}},
{"type":"Feature","properties":{"fid":205,"tourism":"hotel","wheelchair":null,"website":null,"phone":null,"operator":null,"internet_access":null,"brand":null,"name":"Holiday Place KL","stars":3,"rooms":null},"geometry":{"type":"Point","coordinates":[101.7265273,3.159794]}},
{"type":"Feature","properties":{"fid":206,"tourism":"hotel","wheelchair":null,"website":"http://www.pudu.my/","phone":"+60320789595","operator":null,"internet_access":"wlan","brand":null,"name":"Signature International @ Pudu","stars":2,"rooms":null},"geometry":{"type":"Point","coordinates":[101.7008713,3.1466915]}},
{"type":"Feature","properties":{"fid":207,"tourism":"hotel","wheelchair":null,"website":null,"phone":null,"operator":null,"internet_access":null,"brand":null,"name":"New Eastern","stars":null,"rooms":null},"geometry":{"type":"Point","coordinates":[101.6961975,3.1671121]}},
{"type":"Feature","properties":{"fid":208,"tourism":"hotel","wheelchair":null,"website":null,"phone":null,"operator":null,"internet_access":null,"brand":"Olympic Sports","name":"Hotel Olympic Malaysia","stars":null,"rooms":null},"geometry":{"type":"Point","coordinates":[101.7024742,3.1427884]}},
{"type":"Feature","properties":{"fid":209,"tourism":"hotel","wheelchair":null,"website":null,"phone":null,"operator":null,"internet_access":"wlan","brand":null,"name":"EuroLife","stars":null,"rooms":null},"geometry":{"type":"Point","coordinates":[101.6873336,3.1315798]}},
{"type":"Feature","properties":{"fid":210,"tourism":"hotel","wheelchair":null,"website":null,"phone":null,"operator":null,"internet_access":null,"brand":null,"name":"i-Heritage","stars":null,"rooms":null},"geometry":{"type":"Point","coordinates":[101.7109202,3.1410934]}},
{"type":"Feature","properties":{"fid":211,"tourism":"hotel","wheelchair":null,"website":"https://www.marriott.com/en-us/hotels/kulsp-hotel-stripes-kuala-lumpur-autograph-collection/overview/","phone":null,"operator":"YTL Hotels","internet_access":null,"brand":null,"name":"Hotel Stripes Kuala Lumpur, Autograph Collection","stars":4,"rooms":184},"geometry":{"type":"Point","coordinates":[101.7005463,3.1572422]}},
{"type":"Feature","properties":{"fid":212,"tourism":"hotel","wheelchair":null,"website":null,"phone":null,"operator":null,"internet_access":null,"brand":null,"name":"One18 Boutique Hotel","stars":null,"rooms":null},"geometry":{"type":"Point","coordinates":[101.6968277,3.1444903]}},
{"type":"Feature","properties":{"fid":213,"tourism":"hostel","wheelchair":null,"website":null,"phone":"+60122964664","operator":"Yiwa","internet_access":"wlan","brand":null,"name":"KLCC Dorm Hostel","stars":null,"rooms":null},"geometry":{"type":"Point","coordinates":[101.7192724,3.1628389]}},
{"type":"Feature","properties":{"fid":214,"tourism":"hostel","wheelchair":null,"website":"https://www.klbackpacker.com/","phone":"+60103612920","operator":"Adi","internet_access":"wlan","brand":null,"name":"Klbackpacker.com","stars":null,"rooms":3},"geometry":{"type":"Point","coordinates":[101.7128544,3.1456928]}},
{"type":"Feature","properties":{"fid":215,"tourism":"hostel","wheelchair":null,"website":"http://ev-world-puduraya.allkualalumpurhotels.com/","phone":null,"operator":null,"internet_access":"wlan","brand":null,"name":"Sha La La","stars":null,"rooms":null},"geometry":{"type":"Point","coordinates":[101.7030201,3.1456282]}},
{"type":"Feature","properties":{"fid":216,"tourism":"hotel","wheelchair":null,"website":null,"phone":null,"operator":null,"internet_access":"yes","brand":null,"name":"Somerset","stars":4,"rooms":null},"geometry":{"type":"Point","coordinates":[101.7230115,3.1600206]}},
{"type":"Feature","properties":{"fid":217,"tourism":"guest_house","wheelchair":null,"website":null,"phone":null,"operator":"Oriental Heritage House","internet_access":null,"brand":null,"name":"Oriental Heritage House","stars":null,"rooms":null},"geometry":{"type":"Point","coordinates":[101.682315,3.176025]}},
{"type":"Feature","properties":{"fid":218,"tourism":"hotel","wheelchair":null,"website":null,"phone":null,"operator":null,"internet_access":null,"brand":null,"name":"Best View","stars":null,"rooms":null},"geometry":{"type":"Point","coordinates":[101.6944805,3.0711322]}},
{"type":"Feature","properties":{"fid":219,"tourism":"hotel","wheelchair":null,"website":null,"phone":"+60162154500","operator":null,"internet_access":null,"brand":"easyHotel","name":"Easyhotel.com.my","stars":null,"rooms":null},"geometry":{"type":"Point","coordinates":[101.6876985,3.1326783]}},
{"type":"Feature","properties":{"fid":220,"tourism":"apartment","wheelchair":null,"website":null,"phone":null,"operator":null,"internet_access":null,"brand":null,"name":"Alila","stars":null,"rooms":null},"geometry":{"type":"Point","coordinates":[101.6802083,3.127758]}},
{"type":"Feature","properties":{"fid":221,"tourism":"apartment","wheelchair":null,"website":null,"phone":null,"operator":null,"internet_access":null,"brand":null,"name":"Vortex Suites KLCC","stars":null,"rooms":null},"geometry":{"type":"Point","coordinates":[101.7073954,3.154868]}},
{"type":"Feature","properties":{"fid":222,"tourism":"hotel","wheelchair":null,"website":null,"phone":null,"operator":null,"internet_access":null,"brand":"Novotel","name":"Novotel","stars":null,"rooms":null},"geometry":{"type":"Point","coordinates":[101.7124807,3.1510774]}},
{"type":"Feature","properties":{"fid":223,"tourism":"hotel","wheelchair":null,"website":null,"phone":null,"operator":null,"internet_access":null,"brand":"Kepong Hotel","name":"Kepong Hotel","stars":null,"rooms":null},"geometry":{"type":"Point","coordinates":[101.6529577,3.2081409]}},
{"type":"Feature","properties":{"fid":224,"tourism":"apartment","wheelchair":null,"website":"https://www.booking.com/hotel/my/cosy-corner-in-stylish-tivoli-villas-bangsar.html","phone":null,"operator":null,"internet_access":null,"brand":null,"name":"Cosy Corner","stars":null,"rooms":null},"geometry":{"type":"Point","coordinates":[101.6596395,3.1392934]}},
{"type":"Feature","properties":{"fid":225,"tourism":"hotel","wheelchair":null,"website":null,"phone":null,"operator":null,"internet_access":null,"brand":"Ibis","name":"Ibis Metromall","stars":null,"rooms":null},"geometry":{"type":"Point","coordinates":[101.7150637,3.1286067]}},
{"type":"Feature","properties":{"fid":226,"tourism":"apartment","wheelchair":null,"website":null,"phone":null,"operator":null,"internet_access":null,"brand":null,"name":"Amadesa Resort Condo","stars":null,"rooms":null},"geometry":{"type":"Point","coordinates":[101.7025481,3.0845023]}},
{"type":"Feature","properties":{"fid":228,"tourism":"guest_house","wheelchair":null,"website":null,"phone":null,"operator":null,"internet_access":null,"brand":null,"name":"Irsia Guesthouse","stars":null,"rooms":null},"geometry":{"type":"Point","coordinates":[101.7101293,3.1411934]}},
{"type":"Feature","properties":{"fid":229,"tourism":"hotel","wheelchair":null,"website":"https://www.fhihotels.com/capitol","phone":"+60321437000","operator":null,"internet_access":null,"brand":null,"name":"Capitol","stars":3,"rooms":null},"geometry":{"type":"Point","coordinates":[101.7099105,3.1447591]}},
{"type":"Feature","properties":{"fid":230,"tourism":"hotel","wheelchair":null,"website":null,"phone":null,"operator":null,"internet_access":null,"brand":"Richmoore Hotel","name":"Richmoore Hotel Pudu","stars":null,"rooms":null},"geometry":{"type":"Point","coordinates":[101.7156588,3.1332941]}},
{"type":"Feature","properties":{"fid":231,"tourism":"hotel","wheelchair":null,"website":"https://www.banyantree.com/en/malaysia/pavilion-hotel","phone":"+60321172888","operator":null,"internet_access":"wlan","brand":"Banyan Tree","name":"Pavilion Hotel","stars":5,"rooms":null},"geometry":{"type":"Point","coordinates":[101.7150487,3.1485719]}},
{"type":"Feature","properties":{"fid":232,"tourism":"hotel","wheelchair":null,"website":"https://www.booking.com/Share-IsCjgB","phone":null,"operator":null,"internet_access":"wlan","brand":"Double M Hotel","name":"Double M","stars":2,"rooms":null},"geometry":{"type":"Point","coordinates":[101.6896131,3.1326454]}},
{"type":"Feature","properties":{"fid":233,"tourism":"hotel","wheelchair":null,"website":null,"phone":null,"operator":null,"internet_access":null,"brand":null,"name":"Leo Leisure Hotel","stars":null,"rooms":null},"geometry":{"type":"Point","coordinates":[101.6964476,3.1464309]}},
{"type":"Feature","properties":{"fid":234,"tourism":"hotel","wheelchair":null,"website":null,"phone":null,"operator":null,"internet_access":null,"brand":"OYO","name":"OYO 321 Hotel D'Elegant","stars":null,"rooms":null},"geometry":{"type":"Point","coordinates":[101.7092592,3.1459453]}},
{"type":"Feature","properties":{"fid":235,"tourism":"hostel","wheelchair":null,"website":null,"phone":null,"operator":null,"internet_access":"wlan","brand":null,"name":"Myracle Spaceship Capsule KLCC #2","stars":null,"rooms":null},"geometry":{"type":"Point","coordinates":[101.7047538,3.1588794]}},
{"type":"Feature","properties":{"fid":236,"tourism":"apartment","wheelchair":null,"website":null,"phone":null,"operator":null,"internet_access":null,"brand":null,"name":"The Face Suites","stars":null,"rooms":null},"geometry":{"type":"Point","coordinates":[101.7038086,3.1585117]}},
{"type":"Feature","properties":{"fid":237,"tourism":"apartment","wheelchair":null,"website":"https://www.booking.com/hotel/my/grand-suites-bukit-bintang-kuala-lumpur-ji-long-po.html","phone":null,"operator":null,"internet_access":null,"brand":null,"name":"Grand Suites Bukit Bintang","stars":null,"rooms":null},"geometry":{"type":"Point","coordinates":[101.7077068,3.148438]}},
{"type":"Feature","properties":{"fid":238,"tourism":"hotel","wheelchair":null,"website":null,"phone":null,"operator":null,"internet_access":null,"brand":null,"name":"Westree","stars":null,"rooms":null},"geometry":{"type":"Point","coordinates":[101.6869916,3.132027]}},
{"type":"Feature","properties":{"fid":239,"tourism":"hostel","wheelchair":null,"website":null,"phone":null,"operator":null,"internet_access":"wlan","brand":null,"name":"One Year Summer","stars":null,"rooms":null},"geometry":{"type":"Point","coordinates":[101.7088748,3.146022]}},
{"type":"Feature","properties":{"fid":240,"tourism":"chalet","wheelchair":null,"website":"https://www.airbnb.com/rooms/1233860763766919574","phone":null,"operator":null,"internet_access":null,"brand":null,"name":"Villa Sri Ananda","stars":null,"rooms":null},"geometry":{"type":"Point","coordinates":[101.6749149,3.1478588]}},
{"type":"Feature","properties":{"fid":241,"tourism":"hotel","wheelchair":null,"website":null,"phone":null,"operator":null,"internet_access":null,"brand":"i-Hotel","name":"i-Hotel","stars":null,"rooms":null},"geometry":{"type":"Point","coordinates":[101.7026402,3.1365888]}},
{"type":"Feature","properties":{"fid":242,"tourism":"hotel","wheelchair":null,"website":null,"phone":null,"operator":null,"internet_access":null,"brand":"Mirama","name":"Mirama","stars":null,"rooms":null},"geometry":{"type":"Point","coordinates":[101.7014361,3.1369378]}},
{"type":"Feature","properties":{"fid":243,"tourism":"hotel","wheelchair":null,"website":"https://www.mandarinoriental.de/kuala-lumpur/petrona-towers/luxury-hotel","phone":"+60323808888","operator":null,"internet_access":"wlan","brand":null,"name":"Mandarin Oriental Kuala Lumpur","stars":5,"rooms":632},"geometry":{"type":"Point","coordinates":[101.7116181,3.1559992]}},
{"type":"Feature","properties":{"fid":244,"tourism":"apartment","wheelchair":null,"website":"http://www.dhndesahijau.com","phone":null,"operator":null,"internet_access":null,"brand":null,"name":"Desa Gardens","stars":null,"rooms":7},"geometry":{"type":"Point","coordinates":[101.6828577,3.1090369]}},
{"type":"Feature","properties":{"fid":245,"tourism":"hotel","wheelchair":null,"website":"elementkualalumpur.com","phone":null,"operator":"Marriott","internet_access":"wlan","brand":"Element","name":"Element by Westin","stars":4,"rooms":252},"geometry":{"type":"Point","coordinates":[101.7188598,3.1586202]}},
{"type":"Feature","properties":{"fid":246,"tourism":"hotel","wheelchair":null,"website":null,"phone":null,"operator":null,"internet_access":null,"brand":null,"name":"Manhattan Business Hotel TTDI","stars":null,"rooms":null},"geometry":{"type":"Point","coordinates":[101.6299587,3.1345419]}},
{"type":"Feature","properties":{"fid":247,"tourism":"hotel","wheelchair":null,"website":null,"phone":null,"operator":null,"internet_access":null,"brand":"Apple","name":"Apple","stars":null,"rooms":null},"geometry":{"type":"Point","coordinates":[101.7090396,3.1461928]}},
{"type":"Feature","properties":{"fid":248,"tourism":"hotel","wheelchair":null,"website":null,"phone":null,"operator":null,"internet_access":null,"brand":"Cosmo Hotel","name":"Cosmo Hotel","stars":null,"rooms":null},"geometry":{"type":"Point","coordinates":[101.6966013,3.1480672]}},
{"type":"Feature","properties":{"fid":249,"tourism":"hotel","wheelchair":null,"website":null,"phone":null,"operator":"W Hotels","internet_access":"wlan","brand":"W Hotels","name":"W Kuala Lumpur","stars":5,"rooms":150},"geometry":{"type":"Point","coordinates":[101.7093619,3.1585832]}},
{"type":"Feature","properties":{"fid":250,"tourism":"apartment","wheelchair":null,"website":"https://www.yelloduck.com/","phone":null,"operator":null,"internet_access":null,"brand":null,"name":"Yelloduck Rooms & Apartments @ Casa Residency","stars":null,"rooms":null},"geometry":{"type":"Point","coordinates":[101.7045714,3.1417616]}},
{"type":"Feature","properties":{"fid":251,"tourism":"apartment","wheelchair":null,"website":null,"phone":null,"operator":"nataly tours","internet_access":"wlan","brand":"nataly","name":"Robertson Suites @ Bukit Bintang KLCC","stars":4,"rooms":25},"geometry":{"type":"Point","coordinates":[101.7043701,3.1440945]}},
{"type":"Feature","properties":{"fid":252,"tourism":"apartment","wheelchair":null,"website":"https://www.humblehomestay.com/","phone":null,"operator":null,"internet_access":null,"brand":null,"name":"Humble Home","stars":null,"rooms":null},"geometry":{"type":"Point","coordinates":[101.7119628,3.1507074]}},
{"type":"Feature","properties":{"fid":253,"tourism":"hotel","wheelchair":null,"website":null,"phone":null,"operator":null,"internet_access":"yes","brand":"Mah Lanu","name":"Mah Lanu","stars":2,"rooms":22},"geometry":{"type":"Point","coordinates":[101.6981845,3.1655643]}},
{"type":"Feature","properties":{"fid":254,"tourism":"hotel","wheelchair":null,"website":"http://www.oriondesignhotel.com","phone":null,"operator":null,"internet_access":null,"brand":"Orion Design Hotel","name":"Orion Design Hotel","stars":null,"rooms":null},"geometry":{"type":"Point","coordinates":[101.679695,3.1202229]}},
{"type":"Feature","properties":{"fid":255,"tourism":"hotel","wheelchair":null,"website":"https://www.banyantree.com/en/malaysia/kuala-lumpur","phone":"+60321131888","operator":null,"internet_access":null,"brand":"Banyan Tree","name":"Banyan Tree Hotel","stars":5,"rooms":null},"geometry":{"type":"Point","coordinates":[101.7138394,3.150231]}},
{"type":"Feature","properties":{"fid":256,"tourism":"apartment","wheelchair":null,"website":"https://www.upperview-regalia.com/","phone":null,"operator":null,"internet_access":null,"brand":null,"name":"Upper View Regalia","stars":null,"rooms":null},"geometry":{"type":"Point","coordinates":[101.6921932,3.1644506]}},
{"type":"Feature","properties":{"fid":257,"tourism":"hotel","wheelchair":null,"website":null,"phone":null,"operator":null,"internet_access":null,"brand":null,"name":"Hibiscus City","stars":null,"rooms":null},"geometry":{"type":"Point","coordinates":[101.7031011,3.1456062]}},
{"type":"Feature","properties":{"fid":258,"tourism":"hotel","wheelchair":null,"website":"https://hoteltiarainn.blogspot.com/","phone":"+60182406999","operator":null,"internet_access":null,"brand":null,"name":"Bintang","stars":null,"rooms":null},"geometry":{"type":"Point","coordinates":[101.7120969,3.1362232]}},
{"type":"Feature","properties":{"fid":259,"tourism":"apartment","wheelchair":null,"website":null,"phone":null,"operator":null,"internet_access":null,"brand":null,"name":"The Ohana Suite","stars":null,"rooms":null},"geometry":{"type":"Point","coordinates":[101.7106783,3.1401013]}},
{"type":"Feature","properties":{"fid":260,"tourism":"hotel","wheelchair":null,"website":null,"phone":null,"operator":null,"internet_access":null,"brand":null,"name":"YY318 Hotel","stars":null,"rooms":null},"geometry":{"type":"Point","coordinates":[101.710044,3.1385669]}},
{"type":"Feature","properties":{"fid":261,"tourism":"hotel","wheelchair":null,"website":null,"phone":null,"operator":null,"internet_access":null,"brand":"Grand Mercure","name":"Grand Mercure Hotel","stars":4,"rooms":null},"geometry":{"type":"Point","coordinates":[101.705613,3.1443372]}},
{"type":"Feature","properties":{"fid":262,"tourism":"hotel","wheelchair":null,"website":"https://www.ihg.com/hotelindigo/hotels/us/en/kuala-lumpur/kulpk/hoteldetail","phone":"+60326303888","operator":null,"internet_access":null,"brand":null,"name":"Indigo","stars":4,"rooms":null},"geometry":{"type":"Point","coordinates":[101.7058668,3.1527109]}},
{"type":"Feature","properties":{"fid":263,"tourism":"hotel","wheelchair":null,"website":null,"phone":null,"operator":null,"internet_access":null,"brand":null,"name":null,"stars":null,"rooms":null},"geometry":{"type":"Point","coordinates":[101.7027659,3.1594721]}},
{"type":"Feature","properties":{"fid":264,"tourism":"hotel","wheelchair":null,"website":null,"phone":null,"operator":null,"internet_access":null,"brand":null,"name":"City Home Hotel","stars":null,"rooms":null},"geometry":{"type":"Point","coordinates":[101.6919248,3.071204]}},
{"type":"Feature","properties":{"fid":265,"tourism":"apartment","wheelchair":null,"website":null,"phone":"+60122122644","operator":null,"internet_access":null,"brand":null,"name":"Room For Rent Near Mid Valey","stars":null,"rooms":null},"geometry":{"type":"Point","coordinates":[101.6824948,3.1134258]}},
{"type":"Feature","properties":{"fid":266,"tourism":"apartment","wheelchair":null,"website":"https://ezer-castle.business.site/","phone":null,"operator":null,"internet_access":null,"brand":null,"name":"Ezer Castle","stars":null,"rooms":null},"geometry":{"type":"Point","coordinates":[101.6873541,3.113679]}},
{"type":"Feature","properties":{"fid":267,"tourism":"guest_house","wheelchair":null,"website":null,"phone":"+60192887983","operator":null,"internet_access":null,"brand":null,"name":"Sunflower House","stars":null,"rooms":null},"geometry":{"type":"Point","coordinates":[101.6859716,3.1243076]}},
{"type":"Feature","properties":{"fid":268,"tourism":"apartment","wheelchair":null,"website":"https://www.agoda.com/en-sg/6capsquare-apartment/hotel/kuala-lumpur-my.html?cid=-218","phone":null,"operator":null,"internet_access":null,"brand":null,"name":"6capsquare Apartment","stars":null,"rooms":null},"geometry":{"type":"Point","coordinates":[101.7000835,3.1541947]}},
{"type":"Feature","properties":{"fid":269,"tourism":"apartment","wheelchair":null,"website":null,"phone":null,"operator":null,"internet_access":null,"brand":null,"name":"Kimiro","stars":null,"rooms":null},"geometry":{"type":"Point","coordinates":[101.7042347,3.1585506]}},
{"type":"Feature","properties":{"fid":270,"tourism":"hotel","wheelchair":null,"website":null,"phone":null,"operator":null,"internet_access":null,"brand":null,"name":"Cape Town","stars":null,"rooms":null},"geometry":{"type":"Point","coordinates":[101.6981276,3.1492468]}},
{"type":"Feature","properties":{"fid":271,"tourism":"hotel","wheelchair":null,"website":null,"phone":null,"operator":null,"internet_access":"wlan","brand":"Tribeca","name":"Tribeca Hotel & Serviced Suites","stars":5,"rooms":null},"geometry":{"type":"Point","coordinates":[101.715712,3.1463654]}},
{"type":"Feature","properties":{"fid":272,"tourism":"hostel","wheelchair":"no","website":null,"phone":null,"operator":null,"internet_access":"wlan","brand":null,"name":"ZigZag Travellers Home","stars":null,"rooms":null},"geometry":{"type":"Point","coordinates":[101.6958835,3.145336]}},
{"type":"Feature","properties":{"fid":273,"tourism":"hotel","wheelchair":null,"website":null,"phone":null,"operator":null,"internet_access":"wlan","brand":"OYO","name":"Oyo Hotel KL Centre Point","stars":null,"rooms":null},"geometry":{"type":"Point","coordinates":[101.6958544,3.1440014]}},
{"type":"Feature","properties":{"fid":274,"tourism":"hotel","wheelchair":null,"website":null,"phone":null,"operator":null,"internet_access":null,"brand":null,"name":"Sunway Putra Hotel","stars":null,"rooms":null},"geometry":{"type":"Point","coordinates":[101.6926998,3.1664078]}},
{"type":"Feature","properties":{"fid":275,"tourism":"hostel","wheelchair":"no","website":null,"phone":"+60320223078","operator":null,"internet_access":"wlan","brand":null,"name":"Mingle Hostel Highstreet","stars":null,"rooms":null},"geometry":{"type":"Point","coordinates":[101.6981368,3.1489391]}},
{"type":"Feature","properties":{"fid":276,"tourism":"apartment","wheelchair":null,"website":null,"phone":null,"operator":null,"internet_access":null,"brand":null,"name":"Cendana Residences","stars":null,"rooms":null},"geometry":{"type":"Point","coordinates":[101.7053265,3.1583765]}},
{"type":"Feature","properties":{"fid":277,"tourism":"hotel","wheelchair":null,"website":"https://www.citycentralhotel.my","phone":"+60162304100","operator":"Ezy Gold Sdn Bhd","internet_access":"wlan","brand":null,"name":"City Central Hotel","stars":null,"rooms":null},"geometry":{"type":"Point","coordinates":[101.688382,3.1333345]}},
{"type":"Feature","properties":{"fid":278,"tourism":"hotel","wheelchair":null,"website":null,"phone":null,"operator":null,"internet_access":null,"brand":null,"name":"Hotel Grand Maria","stars":null,"rooms":null},"geometry":{"type":"Point","coordinates":[101.6962657,3.1674307]}},
{"type":"Feature","properties":{"fid":279,"tourism":"hotel","wheelchair":null,"website":null,"phone":null,"operator":"OYO","internet_access":"yes","brand":"OYO","name":"OYO Dynamic Hotel","stars":null,"rooms":null},"geometry":{"type":"Point","coordinates":[101.6964814,3.1690077]}},
{"type":"Feature","properties":{"fid":280,"tourism":"hotel","wheelchair":null,"website":null,"phone":null,"operator":"OYO","internet_access":null,"brand":"OYO","name":"OYO Lahore","stars":null,"rooms":null},"geometry":{"type":"Point","coordinates":[101.6950379,3.1695885]}},
{"type":"Feature","properties":{"fid":281,"tourism":"hotel","wheelchair":null,"website":null,"phone":null,"operator":null,"internet_access":null,"brand":null,"name":"De Moccis Boutique Hotel","stars":null,"rooms":null},"geometry":{"type":"Point","coordinates":[101.6901655,3.1742926]}},
{"type":"Feature","properties":{"fid":282,"tourism":"hotel","wheelchair":null,"website":null,"phone":null,"operator":null,"internet_access":null,"brand":null,"name":"The Regency Scholar's Hotel","stars":3,"rooms":null},"geometry":{"type":"Point","coordinates":[101.722271,3.1722469]}},
{"type":"Feature","properties":{"fid":283,"tourism":"hotel","wheelchair":null,"website":null,"phone":null,"operator":null,"internet_access":null,"brand":null,"name":null,"stars":null,"rooms":null},"geometry":{"type":"Point","coordinates":[101.6685597,3.0730571]}},
{"type":"Feature","properties":{"fid":284,"tourism":"hotel","wheelchair":null,"website":null,"phone":null,"operator":null,"internet_access":null,"brand":"OYO","name":"OYO 1055 Batu Caves Star Hotel","stars":null,"rooms":null},"geometry":{"type":"Point","coordinates":[101.672749,3.2324214]}},
{"type":"Feature","properties":{"fid":285,"tourism":"hotel","wheelchair":null,"website":null,"phone":null,"operator":null,"internet_access":"wlan","brand":null,"name":"D’OR Hotel Butik Bintang","stars":null,"rooms":null},"geometry":{"type":"Point","coordinates":[101.7084448,3.1446418]}},
{"type":"Feature","properties":{"fid":286,"tourism":"hotel","wheelchair":null,"website":"https://www.akarhotels.com.my","phone":null,"operator":null,"internet_access":null,"brand":"Akar Hotel Kuala Lumpur","name":"Akar Hotel Kuala Lumpur","stars":null,"rooms":null},"geometry":{"type":"Point","coordinates":[101.698049,3.1620775]}},
{"type":"Feature","properties":{"fid":287,"tourism":"hostel","wheelchair":null,"website":null,"phone":null,"operator":null,"internet_access":"wlan","brand":null,"name":"suite 192","stars":null,"rooms":null},"geometry":{"type":"Point","coordinates":[101.6860554,3.1311903]}},
{"type":"Feature","properties":{"fid":288,"tourism":"hotel","wheelchair":null,"website":null,"phone":null,"operator":null,"internet_access":null,"brand":"Momo's Kuala Lumpur","name":"Momo's Kuala Lumpur","stars":null,"rooms":null},"geometry":{"type":"Point","coordinates":[101.6969458,3.1604066]}},
{"type":"Feature","properties":{"fid":289,"tourism":"hotel","wheelchair":null,"website":"https://teg-hotels.com/","phone":"+60321489191","operator":null,"internet_access":null,"brand":null,"name":"Prescott Hotel Bukit Bintang - Beltif","stars":3,"rooms":null},"geometry":{"type":"Point","coordinates":[101.7112748,3.1405645]}},
{"type":"Feature","properties":{"fid":290,"tourism":"hotel","wheelchair":null,"website":null,"phone":null,"operator":null,"internet_access":null,"brand":null,"name":"Ceria","stars":null,"rooms":null},"geometry":{"type":"Point","coordinates":[101.7096014,3.1407996]}},
{"type":"Feature","properties":{"fid":291,"tourism":"hotel","wheelchair":null,"website":null,"phone":null,"operator":null,"internet_access":null,"brand":null,"name":"Leo Palace Hotel @ PWTC","stars":null,"rooms":null},"geometry":{"type":"Point","coordinates":[101.6937884,3.1698206]}},
{"type":"Feature","properties":{"fid":292,"tourism":"hotel","wheelchair":null,"website":null,"phone":null,"operator":null,"internet_access":null,"brand":null,"name":"SCC City Center","stars":null,"rooms":null},"geometry":{"type":"Point","coordinates":[101.6863114,3.1776993]}},
{"type":"Feature","properties":{"fid":293,"tourism":"hotel","wheelchair":null,"website":"http://www.kiphotel.com.my/","phone":"+60362560888","operator":null,"internet_access":"wlan","brand":"KIP","name":"KIP","stars":4,"rooms":null},"geometry":{"type":"Point","coordinates":[101.6712844,3.2271519]}},
{"type":"Feature","properties":{"fid":294,"tourism":"hotel","wheelchair":null,"website":null,"phone":null,"operator":null,"internet_access":null,"brand":null,"name":"Classic Inn KL","stars":null,"rooms":null},"geometry":{"type":"Point","coordinates":[101.710277,3.1411719]}},
{"type":"Feature","properties":{"fid":295,"tourism":"hotel","wheelchair":null,"website":null,"phone":null,"operator":null,"internet_access":null,"brand":null,"name":"Sindbad","stars":null,"rooms":null},"geometry":{"type":"Point","coordinates":[101.7097719,3.1412661]}},
{"type":"Feature","properties":{"fid":296,"tourism":"hotel","wheelchair":null,"website":null,"phone":null,"operator":null,"internet_access":null,"brand":null,"name":"MOV Hotel","stars":4,"rooms":null},"geometry":{"type":"Point","coordinates":[101.7088564,3.1476301]}},
{"type":"Feature","properties":{"fid":297,"tourism":"hotel","wheelchair":null,"website":"https://www.hotelimperial.com.my/","phone":"+60321481422","operator":null,"internet_access":null,"brand":"Imperial","name":"Imperial","stars":null,"rooms":null},"geometry":{"type":"Point","coordinates":[101.7099376,3.1463539]}},
{"type":"Feature","properties":{"fid":298,"tourism":"hotel","wheelchair":null,"website":null,"phone":null,"operator":null,"internet_access":null,"brand":"Citi Hotel","name":"Citi Hotel","stars":null,"rooms":null},"geometry":{"type":"Point","coordinates":[101.6880106,3.1319212]}},
{"type":"Feature","properties":{"fid":299,"tourism":"hotel","wheelchair":null,"website":null,"phone":null,"operator":null,"internet_access":null,"brand":null,"name":"The Royal Widad Residence @ Residensi UTMKL","stars":3,"rooms":null},"geometry":{"type":"Point","coordinates":[101.7216054,3.1715899]}},
{"type":"Feature","properties":{"fid":300,"tourism":"hotel","wheelchair":null,"website":null,"phone":null,"operator":null,"internet_access":null,"brand":"ANSA Hotel","name":"ANSA Hotel Kuala Lumpur","stars":null,"rooms":null},"geometry":{"type":"Point","coordinates":[101.712069,3.147072]}},
{"type":"Feature","properties":{"fid":301,"tourism":"hotel","wheelchair":null,"website":"https://www.booking.com/hotel/my/de-ideal.html?","phone":"+60362426819","operator":null,"internet_access":"yes","brand":null,"name":"Fumah","stars":null,"rooms":null},"geometry":{"type":"Point","coordinates":[101.6709009,3.1999501]}},
{"type":"Feature","properties":{"fid":302,"tourism":"hotel","wheelchair":null,"website":null,"phone":null,"operator":null,"internet_access":null,"brand":null,"name":"Dahisha","stars":null,"rooms":null},"geometry":{"type":"Point","coordinates":[101.6997148,3.1655732]}},
{"type":"Feature","properties":{"fid":303,"tourism":"hotel","wheelchair":null,"website":null,"phone":null,"operator":null,"internet_access":null,"brand":null,"name":"Adya","stars":null,"rooms":null},"geometry":{"type":"Point","coordinates":[101.6957509,3.1516591]}},
{"type":"Feature","properties":{"fid":304,"tourism":"hotel","wheelchair":null,"website":null,"phone":null,"operator":null,"internet_access":null,"brand":null,"name":"Dorsett","stars":null,"rooms":null},"geometry":{"type":"Point","coordinates":[101.6556945,3.1626773]}},
{"type":"Feature","properties":{"fid":305,"tourism":"hotel","wheelchair":null,"website":null,"phone":null,"operator":null,"internet_access":null,"brand":"OYO","name":"Oyo","stars":null,"rooms":null},"geometry":{"type":"Point","coordinates":[101.6814188,3.0905812]}},
{"type":"Feature","properties":{"fid":306,"tourism":"apartment","wheelchair":null,"website":"https://thesignaturekl.com/","phone":null,"operator":null,"internet_access":null,"brand":null,"name":"The Signature","stars":null,"rooms":null},"geometry":{"type":"Point","coordinates":[101.6521261,3.1644703]}},
{"type":"Feature","properties":{"fid":307,"tourism":"hotel","wheelchair":null,"website":null,"phone":null,"operator":null,"internet_access":null,"brand":"Midtown Villa","name":"Midtown Villa","stars":null,"rooms":null},"geometry":{"type":"Point","coordinates":[101.6847146,3.1760778]}},
{"type":"Feature","properties":{"fid":308,"tourism":"chalet","wheelchair":null,"website":null,"phone":"+60102812338","operator":null,"internet_access":null,"brand":null,"name":"The Owl Homestay","stars":null,"rooms":null},"geometry":{"type":"Point","coordinates":[101.6941836,3.164625]}},
{"type":"Feature","properties":{"fid":309,"tourism":"hotel","wheelchair":null,"website":null,"phone":"+60364198688","operator":null,"internet_access":"wlan","brand":"Hyatt House","name":"Hyatt House","stars":4,"rooms":298},"geometry":{"type":"Point","coordinates":[101.6522617,3.1676477]}},
{"type":"Feature","properties":{"fid":310,"tourism":"hotel","wheelchair":null,"website":null,"phone":null,"operator":null,"internet_access":null,"brand":null,"name":"Twenty 8B","stars":3,"rooms":null},"geometry":{"type":"Point","coordinates":[101.7083968,3.1482015]}},
{"type":"Feature","properties":{"fid":311,"tourism":"hotel","wheelchair":null,"website":null,"phone":null,"operator":null,"internet_access":null,"brand":null,"name":"The Marker","stars":null,"rooms":null},"geometry":{"type":"Point","coordinates":[101.7094958,3.1472292]}},
{"type":"Feature","properties":{"fid":312,"tourism":"hotel","wheelchair":null,"website":null,"phone":null,"operator":null,"internet_access":null,"brand":null,"name":"Hotel MSP","stars":null,"rooms":null},"geometry":{"type":"Point","coordinates":[101.7093599,3.1473048]}},
{"type":"Feature","properties":{"fid":313,"tourism":"hotel","wheelchair":null,"website":"https://hexahotel.com/","phone":"+60321103328","operator":null,"internet_access":null,"brand":null,"name":"Hexa","stars":null,"rooms":null},"geometry":{"type":"Point","coordinates":[101.7083165,3.1479585]}},
{"type":"Feature","properties":{"fid":314,"tourism":"guest_house","wheelchair":null,"website":"https://www.orangepekoe.com.my/","phone":"+60321102000","operator":null,"internet_access":"wlan","brand":null,"name":"Orange Pekoe","stars":null,"rooms":null},"geometry":{"type":"Point","coordinates":[101.7093807,3.14836]}},
{"type":"Feature","properties":{"fid":315,"tourism":"hotel","wheelchair":null,"website":null,"phone":null,"operator":null,"internet_access":null,"brand":null,"name":"BJ Hotel","stars":null,"rooms":null},"geometry":{"type":"Point","coordinates":[101.7078741,3.1460854]}},
{"type":"Feature","properties":{"fid":316,"tourism":"hotel","wheelchair":null,"website":null,"phone":null,"operator":null,"internet_access":null,"brand":null,"name":"Rae","stars":null,"rooms":null},"geometry":{"type":"Point","coordinates":[101.7079308,3.1464902]}},
{"type":"Feature","properties":{"fid":317,"tourism":"hotel","wheelchair":null,"website":null,"phone":null,"operator":null,"internet_access":null,"brand":null,"name":"Comfort Lodge","stars":null,"rooms":null},"geometry":{"type":"Point","coordinates":[101.7082027,3.1467421]}},
{"type":"Feature","properties":{"fid":318,"tourism":"hotel","wheelchair":null,"website":"https://www.canaryhotelkl.com/","phone":"+60326022205","operator":null,"internet_access":"wlan","brand":null,"name":"Canary","stars":2,"rooms":null},"geometry":{"type":"Point","coordinates":[101.6963758,3.1554479]}},
{"type":"Feature","properties":{"fid":319,"tourism":"hotel","wheelchair":null,"website":null,"phone":null,"operator":null,"internet_access":null,"brand":"OYO","name":"OYO 486 Victory 2 Boutique Hotel","stars":null,"rooms":null},"geometry":{"type":"Point","coordinates":[101.71426,3.1452346]}},
{"type":"Feature","properties":{"fid":320,"tourism":"hotel","wheelchair":null,"website":null,"phone":null,"operator":null,"internet_access":null,"brand":null,"name":"Eighty-Eight Inn","stars":null,"rooms":null},"geometry":{"type":"Point","coordinates":[101.712241,3.1407834]}},
{"type":"Feature","properties":{"fid":321,"tourism":"hotel","wheelchair":null,"website":"https://tianjinghitel.com","phone":null,"operator":null,"internet_access":"wlan","brand":null,"name":"Tian Jing","stars":null,"rooms":null},"geometry":{"type":"Point","coordinates":[101.698567,3.1438615]}},
{"type":"Feature","properties":{"fid":322,"tourism":"hotel","wheelchair":null,"website":null,"phone":null,"operator":null,"internet_access":null,"brand":null,"name":"Grand Pacific","stars":null,"rooms":null},"geometry":{"type":"Point","coordinates":[101.6921,3.1714841]}},
{"type":"Feature","properties":{"fid":323,"tourism":"hotel","wheelchair":null,"website":null,"phone":null,"operator":null,"internet_access":null,"brand":null,"name":"Marvellous D28","stars":null,"rooms":null},"geometry":{"type":"Point","coordinates":[101.6647945,3.1448769]}},
{"type":"Feature","properties":{"fid":324,"tourism":"hotel","wheelchair":null,"website":null,"phone":null,"operator":null,"internet_access":null,"brand":null,"name":"Tang City","stars":null,"rooms":null},"geometry":{"type":"Point","coordinates":[101.698703,3.1445145]}},
{"type":"Feature","properties":{"fid":325,"tourism":"hotel","wheelchair":null,"website":null,"phone":null,"operator":null,"internet_access":null,"brand":null,"name":"V Hotel","stars":null,"rooms":null},"geometry":{"type":"Point","coordinates":[101.7106395,3.0726776]}},
{"type":"Feature","properties":{"fid":326,"tourism":"hotel","wheelchair":null,"website":null,"phone":null,"operator":null,"internet_access":null,"brand":"OYO","name":"OYO My Home Hotel","stars":null,"rooms":null},"geometry":{"type":"Point","coordinates":[101.6889592,3.0888957]}},
{"type":"Feature","properties":{"fid":329,"tourism":"motel","wheelchair":null,"website":null,"phone":null,"operator":null,"internet_access":null,"brand":null,"name":"iMotel","stars":null,"rooms":null},"geometry":{"type":"Point","coordinates":[101.7378322,3.0813474]}},
{"type":"Feature","properties":{"fid":330,"tourism":"hotel","wheelchair":null,"website":null,"phone":null,"operator":null,"internet_access":null,"brand":"OYO","name":"OYO My Home Hotel","stars":null,"rooms":null},"geometry":{"type":"Point","coordinates":[101.7343831,3.0813861]}},
{"type":"Feature","properties":{"fid":331,"tourism":"motel","wheelchair":null,"website":null,"phone":null,"operator":null,"internet_access":null,"brand":null,"name":"Hotel EV World","stars":null,"rooms":null},"geometry":{"type":"Point","coordinates":[101.7095253,3.0607751]}},
{"type":"Feature","properties":{"fid":332,"tourism":"motel","wheelchair":null,"website":null,"phone":null,"operator":null,"internet_access":null,"brand":null,"name":"Hotel @ the trillium","stars":null,"rooms":null},"geometry":{"type":"Point","coordinates":[101.7114392,3.0600621]}},
{"type":"Feature","properties":{"fid":333,"tourism":"hotel","wheelchair":null,"website":"https://theruma.com/","phone":"+60327780888","operator":null,"internet_access":"wlan","brand":null,"name":"The RuMa Hotel & Residences","stars":5,"rooms":null},"geometry":{"type":"Point","coordinates":[101.7143644,3.1527034]}},
{"type":"Feature","properties":{"fid":334,"tourism":"hotel","wheelchair":null,"website":null,"phone":null,"operator":null,"internet_access":null,"brand":null,"name":"Hotel Lemon Tree","stars":null,"rooms":null},"geometry":{"type":"Point","coordinates":[101.6481605,3.2125567]}},
{"type":"Feature","properties":{"fid":335,"tourism":"hotel","wheelchair":null,"website":null,"phone":null,"operator":null,"internet_access":null,"brand":"Hwa Loong Two Hotel","name":"Hwa Loong Two Hotel","stars":null,"rooms":null},"geometry":{"type":"Point","coordinates":[101.6483304,3.2125158]}},
{"type":"Feature","properties":{"fid":336,"tourism":"apartment","wheelchair":null,"website":"https://coliving-malaysia.com/","phone":"+60122536322","operator":null,"internet_access":null,"brand":null,"name":"Co-Living @ Damai Residence","stars":null,"rooms":null},"geometry":{"type":"Point","coordinates":[101.7285446,3.1615992]}},
{"type":"Feature","properties":{"fid":337,"tourism":"guest_house","wheelchair":null,"website":"https://www.sekeping.com/jugra/","phone":"+60172075977","operator":null,"internet_access":null,"brand":null,"name":"Sekeping Jugra","stars":null,"rooms":null},"geometry":{"type":"Point","coordinates":[101.6798943,3.1094548]}},
{"type":"Feature","properties":{"fid":338,"tourism":"hotel","wheelchair":null,"website":null,"phone":"+60322739999","operator":null,"internet_access":null,"brand":"Howard Johnson","name":"Howard Johnson Kuala Lumpur 118","stars":3,"rooms":null},"geometry":{"type":"Point","coordinates":[101.697158,3.1388779]}},
{"type":"Feature","properties":{"fid":339,"tourism":"apartment","wheelchair":null,"website":"http://www.damai11.com/","phone":"+60321813177","operator":null,"internet_access":null,"brand":null,"name":"Damai 11 Residence @ KLCC","stars":null,"rooms":null},"geometry":{"type":"Point","coordinates":[101.7263403,3.1635756]}},
{"type":"Feature","properties":{"fid":340,"tourism":"hotel","wheelchair":null,"website":"https://www.seripacifichotel.com/","phone":"+60340425555","operator":null,"internet_access":null,"brand":null,"name":"Hotel Seri Pacific","stars":4,"rooms":null},"geometry":{"type":"Point","coordinates":[101.6920029,3.1671671]}},
{"type":"Feature","properties":{"fid":341,"tourism":"hotel","wheelchair":null,"website":"https://kloehotel.com/","phone":"+60327721313","operator":null,"internet_access":null,"brand":null,"name":"KLoé","stars":null,"rooms":null},"geometry":{"type":"Point","coordinates":[101.7177413,3.1469491]}},
{"type":"Feature","properties":{"fid":342,"tourism":"hotel","wheelchair":null,"website":"https://www.anrhotel.com/","phone":"+60362500777","operator":null,"internet_access":null,"brand":"A&R Urban Hotel","name":"A&R Urban Hotel","stars":null,"rooms":null},"geometry":{"type":"Point","coordinates":[101.671261,3.2239316]}},
{"type":"Feature","properties":{"fid":343,"tourism":"hotel","wheelchair":null,"website":null,"phone":null,"operator":null,"internet_access":null,"brand":"Times Inn","name":"Times Inn","stars":null,"rooms":null},"geometry":{"type":"Point","coordinates":[101.6712798,3.2244779]}},
{"type":"Feature","properties":{"fid":344,"tourism":"hotel","wheelchair":null,"website":null,"phone":null,"operator":null,"internet_access":null,"brand":"Kok Ping","name":"Kok Ping","stars":null,"rooms":null},"geometry":{"type":"Point","coordinates":[101.7012852,3.166493]}},
{"type":"Feature","properties":{"fid":345,"tourism":"hotel","wheelchair":null,"website":null,"phone":null,"operator":null,"internet_access":null,"brand":"28 Hotel","name":"28 Hotel","stars":null,"rooms":null},"geometry":{"type":"Point","coordinates":[101.7010558,3.1665105]}},
{"type":"Feature","properties":{"fid":346,"tourism":"hotel","wheelchair":null,"website":null,"phone":null,"operator":null,"internet_access":null,"brand":null,"name":"King's Hotel","stars":null,"rooms":null},"geometry":{"type":"Point","coordinates":[101.7007523,3.1669656]}},
{"type":"Feature","properties":{"fid":347,"tourism":"hotel","wheelchair":null,"website":null,"phone":null,"operator":null,"internet_access":null,"brand":null,"name":"Adamson","stars":null,"rooms":null},"geometry":{"type":"Point","coordinates":[101.7019569,3.1669056]}},
{"type":"Feature","properties":{"fid":348,"tourism":"hotel","wheelchair":null,"website":null,"phone":null,"operator":null,"internet_access":null,"brand":null,"name":"Kuala Lumpur International Hotel","stars":null,"rooms":null},"geometry":{"type":"Point","coordinates":[101.7017078,3.1669303]}},
{"type":"Feature","properties":{"fid":349,"tourism":"hotel","wheelchair":null,"website":null,"phone":null,"operator":null,"internet_access":null,"brand":null,"name":"Adamson Park","stars":null,"rooms":null},"geometry":{"type":"Point","coordinates":[101.7006885,3.1672152]}},
{"type":"Feature","properties":{"fid":350,"tourism":"hotel","wheelchair":null,"website":null,"phone":null,"operator":null,"internet_access":null,"brand":"Kok Bin","name":"Kok Bin","stars":null,"rooms":null},"geometry":{"type":"Point","coordinates":[101.7008502,3.1672421]}},
{"type":"Feature","properties":{"fid":351,"tourism":"hotel","wheelchair":null,"website":null,"phone":null,"operator":null,"internet_access":null,"brand":"Hing Loong","name":"Hing Loong","stars":null,"rooms":null},"geometry":{"type":"Point","coordinates":[101.7009004,3.1672351]}},
{"type":"Feature","properties":{"fid":352,"tourism":"hotel","wheelchair":null,"website":null,"phone":null,"operator":null,"internet_access":null,"brand":"Hankyu","name":"Hankyu","stars":null,"rooms":null},"geometry":{"type":"Point","coordinates":[101.7009818,3.1672352]}},
{"type":"Feature","properties":{"fid":353,"tourism":"hotel","wheelchair":null,"website":null,"phone":null,"operator":null,"internet_access":null,"brand":"Merdeka","name":"Merdeka","stars":null,"rooms":null},"geometry":{"type":"Point","coordinates":[101.7010885,3.167227]}},
{"type":"Feature","properties":{"fid":354,"tourism":"hotel","wheelchair":null,"website":null,"phone":null,"operator":null,"internet_access":null,"brand":"Sima","name":"Sima","stars":null,"rooms":null},"geometry":{"type":"Point","coordinates":[101.7013332,3.1672796]}},
{"type":"Feature","properties":{"fid":355,"tourism":"apartment","wheelchair":null,"website":null,"phone":null,"operator":null,"internet_access":null,"brand":null,"name":"The Establishment","stars":null,"rooms":null},"geometry":{"type":"Point","coordinates":[101.6803371,3.1279575]}},
{"type":"Feature","properties":{"fid":356,"tourism":"hotel","wheelchair":null,"website":"https://www.fourseasons.com/kualalumpur/","phone":"+60323828888","operator":null,"internet_access":"wlan","brand":"Four Seasons","name":"Four Seasons Place Kuala Lumpur","stars":5,"rooms":null},"geometry":{"type":"Point","coordinates":[101.7137966,3.1579282]}},
{"type":"Feature","properties":{"fid":357,"tourism":"hotel","wheelchair":null,"website":null,"phone":null,"operator":null,"internet_access":null,"brand":null,"name":"Worldview Grand Hotel","stars":null,"rooms":null},"geometry":{"type":"Point","coordinates":[101.7207435,3.1973196]}},
{"type":"Feature","properties":{"fid":359,"tourism":"hotel","wheelchair":"yes","website":"https://www.facebook.com/bunkbilikhotel/","phone":"+60362413648","operator":null,"internet_access":"yes","brand":"Bunk & Bilik","name":"Bunk & Bilik Hotel Jalan Ipoh","stars":null,"rooms":0},"geometry":{"type":"Point","coordinates":[101.6793697,3.1953031]}},
{"type":"Feature","properties":{"fid":360,"tourism":"hotel","wheelchair":null,"website":"https://www.amisuites.com/","phone":"+60362110188","operator":null,"internet_access":null,"brand":null,"name":"AMI Suites","stars":null,"rooms":null},"geometry":{"type":"Point","coordinates":[101.6649205,3.1759043]}},
{"type":"Feature","properties":{"fid":361,"tourism":"hotel","wheelchair":null,"website":null,"phone":null,"operator":null,"internet_access":null,"brand":"Hotel Mezzo","name":"Hotel Mezzo","stars":null,"rooms":null},"geometry":{"type":"Point","coordinates":[101.7286749,3.1204037]}},
{"type":"Feature","properties":{"fid":362,"tourism":"hotel","wheelchair":null,"website":"https://www.lazdanakualalumpur.com/","phone":"+60340433881","operator":null,"internet_access":"wlan","brand":"Lazdana Hotels & Resorts","name":"Lazdana Hotel Kuala Lumpur","stars":null,"rooms":null},"geometry":{"type":"Point","coordinates":[101.6957997,3.1668538]}},
{"type":"Feature","properties":{"fid":363,"tourism":"hotel","wheelchair":null,"website":"https://www.aceshotels.com","phone":null,"operator":null,"internet_access":"wlan","brand":null,"name":"Aces Hotel Kuala Lumpur","stars":null,"rooms":null},"geometry":{"type":"Point","coordinates":[101.6978057,3.1456767]}},
{"type":"Feature","properties":{"fid":364,"tourism":"apartment","wheelchair":null,"website":null,"phone":null,"operator":null,"internet_access":null,"brand":null,"name":"Perumahan Bandar Jalan Tuanku Abdul Rahman","stars":null,"rooms":null},"geometry":{"type":"Point","coordinates":[101.6959612,3.1524068]}},
{"type":"Feature","properties":{"fid":365,"tourism":"hotel","wheelchair":null,"website":null,"phone":null,"operator":null,"internet_access":null,"brand":null,"name":"MPalace Hotel","stars":null,"rooms":null},"geometry":{"type":"Point","coordinates":[101.6966915,3.1531653]}},
{"type":"Feature","properties":{"fid":366,"tourism":"hotel","wheelchair":null,"website":null,"phone":null,"operator":null,"internet_access":null,"brand":null,"name":"Santa Grand Classic Central Market","stars":null,"rooms":null},"geometry":{"type":"Point","coordinates":[101.6958961,3.1458187]}},
{"type":"Feature","properties":{"fid":367,"tourism":"hotel","wheelchair":null,"website":null,"phone":null,"operator":null,"internet_access":null,"brand":"Hotel Fujisan","name":"Hotel Fujisan","stars":null,"rooms":null},"geometry":{"type":"Point","coordinates":[101.6940553,3.167259]}},
{"type":"Feature","properties":{"fid":368,"tourism":"hotel","wheelchair":null,"website":null,"phone":null,"operator":null,"internet_access":null,"brand":null,"name":"Hotel JRL","stars":null,"rooms":null},"geometry":{"type":"Point","coordinates":[101.6961083,3.1665163]}},
{"type":"Feature","properties":{"fid":369,"tourism":"hotel","wheelchair":null,"website":"https://www.imperialregencysuites.com","phone":"+60322015888","operator":null,"internet_access":"yes","brand":null,"name":"Imperial Regency Suites & Hotel Bangsar","stars":null,"rooms":378},"geometry":{"type":"Point","coordinates":[101.6681073,3.1152656]}},
{"type":"Feature","properties":{"fid":370,"tourism":"hotel","wheelchair":"yes","website":null,"phone":null,"operator":null,"internet_access":null,"brand":"Pan Pacific","name":"Pan Pacific Serviced Suites Kuala Lumpur","stars":null,"rooms":null},"geometry":{"type":"Point","coordinates":[101.7121165,3.1446137]}},
{"type":"Feature","properties":{"fid":371,"tourism":"hostel","wheelchair":null,"website":null,"phone":null,"operator":null,"internet_access":null,"brand":null,"name":"Residensi UTM Kampung Baru","stars":null,"rooms":null},"geometry":{"type":"Point","coordinates":[101.7053828,3.1633721]}},
{"type":"Feature","properties":{"fid":372,"tourism":"hotel","wheelchair":null,"website":"https://elseretreats.com/","phone":"+60164202455","operator":null,"internet_access":"wlan","brand":null,"name":"Else Kuala Lumpur","stars":5,"rooms":49},"geometry":{"type":"Point","coordinates":[101.696359,3.1442182]}},
{"type":"Feature","properties":{"fid":373,"tourism":"apartment","wheelchair":null,"website":null,"phone":"+60127599227","operator":null,"internet_access":null,"brand":null,"name":"1 Damai Residence","stars":4,"rooms":null},"geometry":{"type":"Point","coordinates":[101.7239242,3.1635264]}},
{"type":"Feature","properties":{"fid":374,"tourism":"hostel","wheelchair":null,"website":"https://www.ywcakl.org.my/copy-of-co-living-hostel","phone":"+60320221200","operator":null,"internet_access":"wlan","brand":null,"name":"The Y Boutique Hotel","stars":null,"rooms":null},"geometry":{"type":"Point","coordinates":[101.7018964,3.1428904]}},
{"type":"Feature","properties":{"fid":375,"tourism":"hotel","wheelchair":null,"website":null,"phone":null,"operator":null,"internet_access":null,"brand":null,"name":"Hotel Raja Bot","stars":null,"rooms":null},"geometry":{"type":"Point","coordinates":[101.7015541,3.1656651]}},
{"type":"Feature","properties":{"fid":376,"tourism":"hotel","wheelchair":null,"website":"https://www.citizenm.com/hotels/asia/kuala-lumpur/kuala-lumpur-bukit-bintang-hotel?utm_source=Google&utm_medium=organic&y_source=1_NDkyNzM5MzctNzE1LWxvY2F0aW9uLndlYnNpdGU%3D","phone":"+60392126340","operator":null,"internet_access":null,"brand":"citizenM","name":"citizenM","stars":null,"rooms":null},"geometry":{"type":"Point","coordinates":[101.7062231,3.1444378]}},
{"type":"Feature","properties":{"fid":377,"tourism":"apartment","wheelchair":null,"website":null,"phone":null,"operator":null,"internet_access":null,"brand":null,"name":"De Ofa Homestay","stars":null,"rooms":null},"geometry":{"type":"Point","coordinates":[101.7021259,3.1963845]}},
{"type":"Feature","properties":{"fid":378,"tourism":"hotel","wheelchair":null,"website":"https://www.lloydsinn.com/","phone":"+60327778988","operator":null,"internet_access":"yes","brand":"Lloyd's Inn","name":"Lloyd's Inn Kuala Lumpur (Lloyd's Inn KL)","stars":null,"rooms":110},"geometry":{"type":"Point","coordinates":[101.7182937,3.1449036]}},
{"type":"Feature","properties":{"fid":379,"tourism":"hotel","wheelchair":null,"website":null,"phone":null,"operator":null,"internet_access":null,"brand":null,"name":"NZ Hotel","stars":null,"rooms":null},"geometry":{"type":"Point","coordinates":[101.6962759,3.1691739]}},
{"type":"Feature","properties":{"fid":380,"tourism":"hotel","wheelchair":null,"website":"https://www.smilehotel.com.my/","phone":"+60340507722","operator":null,"internet_access":"wlan","brand":null,"name":"Smile","stars":null,"rooms":null},"geometry":{"type":"Point","coordinates":[101.6978127,3.1661854]}},
{"type":"Feature","properties":{"fid":381,"tourism":"guest_house","wheelchair":null,"website":"https://www.airbnb.com/p/thebengkulusuitekl","phone":null,"operator":null,"internet_access":null,"brand":null,"name":"The Bengkulu Suite","stars":null,"rooms":null},"geometry":{"type":"Point","coordinates":[101.7008877,3.1578972]}},
{"type":"Feature","properties":{"fid":382,"tourism":"apartment","wheelchair":null,"website":null,"phone":null,"operator":null,"internet_access":null,"brand":null,"name":"Anggun Residences Service Suites","stars":null,"rooms":null},"geometry":{"type":"Point","coordinates":[101.6993811,3.1571174]}},
{"type":"Feature","properties":{"fid":383,"tourism":"hotel","wheelchair":null,"website":null,"phone":"+601118513288","operator":null,"internet_access":null,"brand":null,"name":"Aman","stars":2,"rooms":null},"geometry":{"type":"Point","coordinates":[101.7154174,3.1445574]}},
{"type":"Feature","properties":{"fid":384,"tourism":"hotel","wheelchair":null,"website":null,"phone":null,"operator":null,"internet_access":null,"brand":null,"name":"Zi Hotel","stars":null,"rooms":null},"geometry":{"type":"Point","coordinates":[101.6959593,3.1689862]}},
{"type":"Feature","properties":{"fid":385,"tourism":"hotel","wheelchair":null,"website":null,"phone":null,"operator":null,"internet_access":null,"brand":"Hotel GDS","name":"Hotel GDS","stars":null,"rooms":null},"geometry":{"type":"Point","coordinates":[101.6952432,3.1705726]}},
{"type":"Feature","properties":{"fid":386,"tourism":"guest_house","wheelchair":null,"website":null,"phone":null,"operator":null,"internet_access":null,"brand":null,"name":null,"stars":null,"rooms":null},"geometry":{"type":"Point","coordinates":[101.7138612,3.145206]}},
{"type":"Feature","properties":{"fid":387,"tourism":"apartment","wheelchair":null,"website":null,"phone":null,"operator":null,"internet_access":null,"brand":null,"name":"Rhombus","stars":null,"rooms":null},"geometry":{"type":"Point","coordinates":[101.6669222,3.1398845]}},
{"type":"Feature","properties":{"fid":388,"tourism":"hostel","wheelchair":null,"website":"https://www.kaizenmarketing.com.my/wellvestyouthhostel.html","phone":"+60192257733","operator":null,"internet_access":null,"brand":null,"name":"Wellvest Youth Hostel","stars":null,"rooms":null},"geometry":{"type":"Point","coordinates":[101.6935304,3.1613431]}},
{"type":"Feature","properties":{"fid":389,"tourism":"hotel","wheelchair":null,"website":"http://www.wedgewoodresidences.com/","phone":"+60362009000","operator":null,"internet_access":null,"brand":null,"name":"Wedgewood Residences","stars":4,"rooms":null},"geometry":{"type":"Point","coordinates":[101.657539,3.1747395]}},
{"type":"Feature","properties":{"fid":390,"tourism":"hotel","wheelchair":null,"website":null,"phone":null,"operator":null,"internet_access":null,"brand":null,"name":"T-Hotel","stars":null,"rooms":null},"geometry":{"type":"Point","coordinates":[101.6965421,3.154599]}},
{"type":"Feature","properties":{"fid":391,"tourism":"hotel","wheelchair":null,"website":null,"phone":null,"operator":null,"internet_access":null,"brand":null,"name":"28 Rapid Hotel","stars":null,"rooms":null},"geometry":{"type":"Point","coordinates":[101.6981294,3.1669518]}},
{"type":"Feature","properties":{"fid":392,"tourism":"hotel","wheelchair":null,"website":null,"phone":null,"operator":null,"internet_access":null,"brand":"Lotus Hotel","name":"Lotus Hotel","stars":null,"rooms":null},"geometry":{"type":"Point","coordinates":[101.6962878,3.1503591]}},
{"type":"Feature","properties":{"fid":393,"tourism":"hotel","wheelchair":null,"website":null,"phone":null,"operator":null,"internet_access":null,"brand":null,"name":"St. Giles The Gardens","stars":null,"rooms":null},"geometry":{"type":"Point","coordinates":[101.6757017,3.1193904]}},
{"type":"Feature","properties":{"fid":394,"tourism":"hotel","wheelchair":null,"website":null,"phone":null,"operator":null,"internet_access":null,"brand":"Hotel Selesa","name":"Hotel Selesa","stars":null,"rooms":null},"geometry":{"type":"Point","coordinates":[101.6966698,3.1589542]}},
{"type":"Feature","properties":{"fid":395,"tourism":"hotel","wheelchair":null,"website":null,"phone":null,"operator":null,"internet_access":null,"brand":"Premiera Hotel","name":"Premiera Hotel","stars":null,"rooms":null},"geometry":{"type":"Point","coordinates":[101.6958998,3.158278]}},
{"type":"Feature","properties":{"fid":396,"tourism":"hotel","wheelchair":null,"website":null,"phone":null,"operator":null,"internet_access":null,"brand":null,"name":"Hotel Travel Inn","stars":null,"rooms":null},"geometry":{"type":"Point","coordinates":[101.69666,3.1664109]}},
{"type":"Feature","properties":{"fid":397,"tourism":"hotel","wheelchair":null,"website":null,"phone":null,"operator":null,"internet_access":null,"brand":"T-Signature Hotel KL","name":"T-Signature Hotel KL","stars":null,"rooms":null},"geometry":{"type":"Point","coordinates":[101.6977093,3.1599216]}},
{"type":"Feature","properties":{"fid":398,"tourism":"hotel","wheelchair":null,"website":null,"phone":null,"operator":null,"internet_access":null,"brand":"Hotel Destino","name":"Hotel Destino","stars":null,"rooms":null},"geometry":{"type":"Point","coordinates":[101.6973054,3.1603792]}},
{"type":"Feature","properties":{"fid":399,"tourism":"apartment","wheelchair":null,"website":null,"phone":null,"operator":null,"internet_access":null,"brand":null,"name":"3 Residen Condominium","stars":null,"rooms":null},"geometry":{"type":"Point","coordinates":[101.735654,3.2215124]}},
{"type":"Feature","properties":{"fid":400,"tourism":"hotel","wheelchair":null,"website":null,"phone":null,"operator":null,"internet_access":null,"brand":"V Hotel","name":"V Hotel","stars":null,"rooms":null},"geometry":{"type":"Point","coordinates":[101.6957339,3.171097]}},
{"type":"Feature","properties":{"fid":401,"tourism":"hotel","wheelchair":null,"website":null,"phone":null,"operator":null,"internet_access":null,"brand":null,"name":"MS City Hotel","stars":null,"rooms":null},"geometry":{"type":"Point","coordinates":[101.6965063,3.1663357]}},
{"type":"Feature","properties":{"fid":402,"tourism":"hotel","wheelchair":null,"website":"https://www.wyndhamhotels.com/wyndham-grand/kuala-lumpur-malaysia/wyndham-grand-bangsar-kuala-lumpur/overview","phone":"+60322981888","operator":null,"internet_access":"wlan","brand":"Wyndham Grand","name":"Wyndham Grand Bangsar Kuala Lumpur","stars":5,"rooms":513},"geometry":{"type":"Point","coordinates":[101.66366,3.1161186]}},
{"type":"Feature","properties":{"fid":403,"tourism":"hotel","wheelchair":null,"website":null,"phone":null,"operator":null,"internet_access":null,"brand":null,"name":"Hotel Kim Kok","stars":null,"rooms":null},"geometry":{"type":"Point","coordinates":[101.6975716,3.1643226]}},
{"type":"Feature","properties":{"fid":404,"tourism":"hotel","wheelchair":null,"website":null,"phone":null,"operator":null,"internet_access":null,"brand":null,"name":"Hotel Pak Fook","stars":null,"rooms":null},"geometry":{"type":"Point","coordinates":[101.698064,3.1645567]}},
{"type":"Feature","properties":{"fid":405,"tourism":"hotel","wheelchair":null,"website":null,"phone":null,"operator":null,"internet_access":null,"brand":null,"name":"Hotel Seeds","stars":null,"rooms":null},"geometry":{"type":"Point","coordinates":[101.6984427,3.1648144]}},
{"type":"Feature","properties":{"fid":406,"tourism":"hotel","wheelchair":null,"website":"https://www.santagrandhotels.com.my/","phone":"+60320271969","operator":null,"internet_access":null,"brand":"Santa Grand Signature Kuala Lumpur","name":"Santa Grand Signature Kuala Lumpur","stars":4,"rooms":null},"geometry":{"type":"Point","coordinates":[101.7007575,3.1536744]}},
{"type":"Feature","properties":{"fid":407,"tourism":"hotel","wheelchair":null,"website":null,"phone":null,"operator":null,"internet_access":null,"brand":null,"name":"Le Ruiz","stars":null,"rooms":null},"geometry":{"type":"Point","coordinates":[101.6973579,3.1719857]}},
{"type":"Feature","properties":{"fid":408,"tourism":"hotel","wheelchair":null,"website":null,"phone":null,"operator":null,"internet_access":null,"brand":"OYO","name":"OYO 90780 J Hotel Bukit Bintang","stars":null,"rooms":null},"geometry":{"type":"Point","coordinates":[101.7128345,3.1451376]}},
{"type":"Feature","properties":{"fid":409,"tourism":"apartment","wheelchair":null,"website":null,"phone":null,"operator":null,"internet_access":null,"brand":null,"name":"D’Merve Suites","stars":null,"rooms":null},"geometry":{"type":"Point","coordinates":[101.7042831,3.1586246]}},
{"type":"Feature","properties":{"fid":410,"tourism":"hotel","wheelchair":null,"website":null,"phone":null,"operator":null,"internet_access":null,"brand":null,"name":"MS Boutique Hotel","stars":null,"rooms":null},"geometry":{"type":"Point","coordinates":[101.6977187,3.1528087]}},
{"type":"Feature","properties":{"fid":411,"tourism":"hotel","wheelchair":null,"website":null,"phone":null,"operator":null,"internet_access":null,"brand":null,"name":"Hotel De’Grand Orchad","stars":null,"rooms":null},"geometry":{"type":"Point","coordinates":[101.6979332,3.1528199]}},
{"type":"Feature","properties":{"fid":412,"tourism":"hotel","wheelchair":null,"website":null,"phone":null,"operator":null,"internet_access":null,"brand":null,"name":"Hotel De’Grand Orchad","stars":null,"rooms":null},"geometry":{"type":"Point","coordinates":[101.6978813,3.1528167]}},
{"type":"Feature","properties":{"fid":413,"tourism":"hotel","wheelchair":null,"website":null,"phone":null,"operator":null,"internet_access":null,"brand":"OYO","name":"OYO 90780 J Hotel Bukit Bintang","stars":null,"rooms":null},"geometry":{"type":"Point","coordinates":[101.713873,3.1453734]}},
{"type":"Feature","properties":{"fid":414,"tourism":"apartment","wheelchair":null,"website":null,"phone":null,"operator":null,"internet_access":null,"brand":null,"name":"Suites at Times Square KL","stars":null,"rooms":null},"geometry":{"type":"Point","coordinates":[101.7112727,3.1426455]}},
{"type":"Feature","properties":{"fid":415,"tourism":"hotel","wheelchair":null,"website":null,"phone":null,"operator":null,"internet_access":null,"brand":"KK Hotel","name":"KK Hotel","stars":null,"rooms":null},"geometry":{"type":"Point","coordinates":[101.6987591,3.1725257]}},
{"type":"Feature","properties":{"fid":416,"tourism":"hotel","wheelchair":null,"website":null,"phone":null,"operator":null,"internet_access":null,"brand":null,"name":"Hotel Grand Orchard","stars":null,"rooms":null},"geometry":{"type":"Point","coordinates":[101.6976414,3.1534525]}},
{"type":"Feature","properties":{"fid":417,"tourism":"apartment","wheelchair":null,"website":"www.rumahrehat.com","phone":null,"operator":"rumahrehat.com","internet_access":"yes","brand":null,"name":"Legasi Kampung Baru Guest House by Rumahrehat","stars":null,"rooms":20},"geometry":{"type":"Point","coordinates":[101.706412,3.1618429]}},
{"type":"Feature","properties":{"fid":418,"tourism":"apartment","wheelchair":null,"website":null,"phone":null,"operator":null,"internet_access":null,"brand":null,"name":"Desa Tunku Mariam Military Quarters","stars":null,"rooms":null},"geometry":{"type":"Point","coordinates":[101.7288922,3.1724385]}},
{"type":"Feature","properties":{"fid":419,"tourism":"hotel","wheelchair":null,"website":null,"phone":null,"operator":null,"internet_access":null,"brand":null,"name":"Maha Empire","stars":null,"rooms":null},"geometry":{"type":"Point","coordinates":[101.6979254,3.1508636]}},
{"type":"Feature","properties":{"fid":420,"tourism":"hotel","wheelchair":null,"website":null,"phone":null,"operator":null,"internet_access":null,"brand":"Hotle 3winz","name":"Hotle 3winz","stars":null,"rooms":null},"geometry":{"type":"Point","coordinates":[101.7013469,3.1678302]}},
{"type":"Feature","properties":{"fid":421,"tourism":"hotel","wheelchair":null,"website":null,"phone":null,"operator":null,"internet_access":null,"brand":null,"name":"M Hotel","stars":null,"rooms":null},"geometry":{"type":"Point","coordinates":[101.6965693,3.1584122]}},
{"type":"Feature","properties":{"fid":422,"tourism":"hotel","wheelchair":null,"website":null,"phone":null,"operator":null,"internet_access":null,"brand":null,"name":"Prescott Hotel","stars":null,"rooms":null},"geometry":{"type":"Point","coordinates":[101.6972752,3.1590211]}},
{"type":"Feature","properties":{"fid":423,"tourism":"hotel","wheelchair":null,"website":null,"phone":null,"operator":null,"internet_access":null,"brand":null,"name":"Ascott Star KLCC","stars":null,"rooms":null},"geometry":{"type":"Point","coordinates":[101.7125631,3.1610013]}},
{"type":"Feature","properties":{"fid":424,"tourism":"hotel","wheelchair":null,"website":null,"phone":null,"operator":null,"internet_access":null,"brand":null,"name":"Scarletz Suites @ KL City Centre","stars":null,"rooms":null},"geometry":{"type":"Point","coordinates":[101.7135109,3.1633937]}},
{"type":"Feature","properties":{"fid":425,"tourism":"hotel","wheelchair":null,"website":null,"phone":null,"operator":null,"internet_access":null,"brand":null,"name":"Mana Mana Hospitality","stars":null,"rooms":null},"geometry":{"type":"Point","coordinates":[101.713586,3.1633653]}},
{"type":"Feature","properties":{"fid":426,"tourism":"hotel","wheelchair":null,"website":null,"phone":null,"operator":null,"internet_access":null,"brand":null,"name":"Hugoz Suites","stars":null,"rooms":null},"geometry":{"type":"Point","coordinates":[101.7134337,3.1634363]}},
{"type":"Feature","properties":{"fid":427,"tourism":"hotel","wheelchair":null,"website":null,"phone":null,"operator":null,"internet_access":null,"brand":null,"name":"Living At Dsulaiman","stars":null,"rooms":null},"geometry":{"type":"Point","coordinates":[101.6986528,3.1615802]}},
{"type":"Feature","properties":{"fid":428,"tourism":"hotel","wheelchair":null,"website":null,"phone":null,"operator":null,"internet_access":null,"brand":null,"name":"Hotel InnB Park","stars":null,"rooms":null},"geometry":{"type":"Point","coordinates":[101.7138668,3.1449603]}},
{"type":"Feature","properties":{"fid":429,"tourism":"apartment","wheelchair":null,"website":"https://www.8kiapengsuites.com/","phone":null,"operator":null,"internet_access":"wlan","brand":null,"name":"Wyndham Suites KLCC","stars":null,"rooms":null},"geometry":{"type":"Point","coordinates":[101.7163918,3.1516167]}},
{"type":"Feature","properties":{"fid":430,"tourism":"hostel","wheelchair":null,"website":null,"phone":null,"operator":"JHostels","internet_access":null,"brand":null,"name":"JHostels","stars":null,"rooms":null},"geometry":{"type":"Point","coordinates":[101.6981206,3.1516234]}},
{"type":"Feature","properties":{"fid":431,"tourism":"hotel","wheelchair":null,"website":null,"phone":null,"operator":null,"internet_access":null,"brand":"Four Points by Sheraton","name":"Four Points by Sheraton","stars":null,"rooms":513},"geometry":{"type":"Point","coordinates":[101.7056171,3.157302]}},
{"type":"Feature","properties":{"fid":432,"tourism":"guest_house","wheelchair":null,"website":null,"phone":null,"operator":null,"internet_access":null,"brand":null,"name":"Rumah Tamu Sri Delima","stars":null,"rooms":null},"geometry":{"type":"Point","coordinates":[101.6686877,3.205475]}},
{"type":"Feature","properties":{"fid":433,"tourism":"hotel","wheelchair":null,"website":null,"phone":null,"operator":null,"internet_access":null,"brand":null,"name":"Akar Hotel Jalan Raja Uda","stars":null,"rooms":null},"geometry":{"type":"Point","coordinates":[101.7063501,3.1652498]}},
{"type":"Feature","properties":{"fid":434,"tourism":"hotel","wheelchair":null,"website":null,"phone":null,"operator":null,"internet_access":null,"brand":null,"name":"Stays","stars":null,"rooms":null},"geometry":{"type":"Point","coordinates":[101.6985064,3.1712935]}},
{"type":"Feature","properties":{"fid":435,"tourism":"hotel","wheelchair":null,"website":null,"phone":"+60322760005","operator":null,"internet_access":"wlan","brand":null,"name":"M&M Hotel","stars":2,"rooms":null},"geometry":{"type":"Point","coordinates":[101.6885523,3.132448]}},
{"type":"Feature","properties":{"fid":436,"tourism":"hotel","wheelchair":null,"website":null,"phone":null,"operator":null,"internet_access":null,"brand":null,"name":"Hotel Ahyu","stars":null,"rooms":null},"geometry":{"type":"Point","coordinates":[101.6976746,3.149455]}},
{"type":"Feature","properties":{"fid":437,"tourism":"hotel","wheelchair":null,"website":null,"phone":null,"operator":null,"internet_access":null,"brand":null,"name":"Hawa Inn","stars":null,"rooms":null},"geometry":{"type":"Point","coordinates":[101.7006454,3.1646002]}},
{"type":"Feature","properties":{"fid":438,"tourism":"hotel","wheelchair":null,"website":null,"phone":null,"operator":null,"internet_access":null,"brand":null,"name":"De Sentral Hotel","stars":null,"rooms":null},"geometry":{"type":"Point","coordinates":[101.6872886,3.1323145]}},
{"type":"Feature","properties":{"fid":439,"tourism":"hotel","wheelchair":null,"website":null,"phone":null,"operator":null,"internet_access":null,"brand":null,"name":"Adamson Inn","stars":null,"rooms":null},"geometry":{"type":"Point","coordinates":[101.7019527,3.166129]}},
{"type":"Feature","properties":{"fid":440,"tourism":"hotel","wheelchair":null,"website":null,"phone":null,"operator":null,"internet_access":null,"brand":"Cross Roads Hotel","name":"Cross Roads Hotel","stars":null,"rooms":null},"geometry":{"type":"Point","coordinates":[101.6993507,3.1671059]}},
{"type":"Feature","properties":{"fid":441,"tourism":"hotel","wheelchair":null,"website":null,"phone":null,"operator":null,"internet_access":null,"brand":null,"name":"33 Star","stars":null,"rooms":null},"geometry":{"type":"Point","coordinates":[101.7116943,3.147878]}},
{"type":"Feature","properties":{"fid":442,"tourism":"hotel","wheelchair":null,"website":null,"phone":null,"operator":null,"internet_access":null,"brand":"VIP BukitTuKL","name":"VIP BukitTuKL","stars":null,"rooms":null},"geometry":{"type":"Point","coordinates":[101.7007673,3.1672164]}},
{"type":"Feature","properties":{"fid":443,"tourism":"hotel","wheelchair":null,"website":null,"phone":null,"operator":null,"internet_access":null,"brand":null,"name":"Kawana Tourist Inn","stars":null,"rooms":null},"geometry":{"type":"Point","coordinates":[101.7022036,3.1458045]}},
{"type":"Feature","properties":{"fid":444,"tourism":"motel","wheelchair":null,"website":null,"phone":null,"operator":null,"internet_access":null,"brand":null,"name":"City Inn Hotel","stars":null,"rooms":null},"geometry":{"type":"Point","coordinates":[101.7015044,3.1678322]}},
{"type":"Feature","properties":{"fid":445,"tourism":"hotel","wheelchair":null,"website":null,"phone":null,"operator":null,"internet_access":null,"brand":null,"name":"Hotel Seri Putra","stars":null,"rooms":null},"geometry":{"type":"Point","coordinates":[101.695867,3.1665427]}},
{"type":"Feature","properties":{"fid":446,"tourism":"hotel","wheelchair":null,"website":null,"phone":null,"operator":null,"internet_access":null,"brand":null,"name":"Hotel Redstone Boutique","stars":null,"rooms":null},"geometry":{"type":"Point","coordinates":[101.7047253,3.1640789]}},
{"type":"Feature","properties":{"fid":447,"tourism":"hotel","wheelchair":null,"website":"https://www.suwarakepong.com.my/","phone":"+60127216391","operator":null,"internet_access":null,"brand":null,"name":"Suwara","stars":null,"rooms":null},"geometry":{"type":"Point","coordinates":[101.6580884,3.2076969]}},
{"type":"Feature","properties":{"fid":448,"tourism":"apartment","wheelchair":null,"website":"https://www.domitys.com/bangsar.html","phone":"+60327186788","operator":"Ascott","internet_access":null,"brand":null,"name":"Domitys Bangsar Kuala Lumpur","stars":null,"rooms":null},"geometry":{"type":"Point","coordinates":[101.6634069,3.1335727]}},
{"type":"Feature","properties":{"fid":449,"tourism":"hotel","wheelchair":null,"website":null,"phone":null,"operator":null,"internet_access":null,"brand":null,"name":"ECO Hotel @ Bukit Bintang","stars":null,"rooms":null},"geometry":{"type":"Point","coordinates":[101.7096863,3.1388712]}},
{"type":"Feature","properties":{"fid":450,"tourism":"hostel","wheelchair":"limited","website":null,"phone":"+60163387334","operator":null,"internet_access":"wlan","brand":null,"name":"The Manor by Mingle","stars":null,"rooms":null},"geometry":{"type":"Point","coordinates":[101.7011491,3.1464893]}},
{"type":"Feature","properties":{"fid":451,"tourism":"hotel","wheelchair":null,"website":null,"phone":null,"operator":null,"internet_access":null,"brand":null,"name":"Pacific Express Hotel Chinatown","stars":null,"rooms":null},"geometry":{"type":"Point","coordinates":[101.6975855,3.145537]}},
{"type":"Feature","properties":{"fid":452,"tourism":"hotel","wheelchair":null,"website":null,"phone":null,"operator":null,"internet_access":null,"brand":null,"name":"My Hotel","stars":null,"rooms":null},"geometry":{"type":"Point","coordinates":[101.6877002,3.1320108]}},
{"type":"Feature","properties":{"fid":453,"tourism":"hotel","wheelchair":null,"website":null,"phone":null,"operator":null,"internet_access":"yes","brand":"PARKROYAL","name":"PARKROYAL Serviced Suites Kuala Lumpur","stars":null,"rooms":null},"geometry":{"type":"Point","coordinates":[101.7088775,3.1490862]}},
{"type":"Feature","properties":{"fid":454,"tourism":"hostel","wheelchair":"no","website":null,"phone":"+60173033155;+60179055072","operator":null,"internet_access":"yes","brand":null,"name":"RHV Bukit Bintang","stars":null,"rooms":null},"geometry":{"type":"Point","coordinates":[101.7109716,3.1469496]}},
{"type":"Feature","properties":{"fid":455,"tourism":"hostel","wheelchair":null,"website":null,"phone":null,"operator":null,"internet_access":null,"brand":null,"name":"Asrama Puteri SMA Majlis Agama Islam","stars":null,"rooms":null},"geometry":{"type":"Point","coordinates":[101.7063882,3.1644652]}},
{"type":"Feature","properties":{"fid":456,"tourism":"hotel","wheelchair":null,"website":null,"phone":null,"operator":null,"internet_access":null,"brand":null,"name":"Check-in","stars":null,"rooms":null},"geometry":{"type":"Point","coordinates":[101.6874617,3.1324568]}},
{"type":"Feature","properties":{"fid":457,"tourism":"hotel","wheelchair":"yes","website":null,"phone":null,"operator":null,"internet_access":null,"brand":null,"name":"Hotel Alia","stars":null,"rooms":null},"geometry":{"type":"Point","coordinates":[101.6841976,3.1289586]}},
{"type":"Feature","properties":{"fid":458,"tourism":"hotel","wheelchair":null,"website":null,"phone":null,"operator":null,"internet_access":null,"brand":null,"name":"Hotel Cojoy","stars":null,"rooms":null},"geometry":{"type":"Point","coordinates":[101.6968788,3.1458506]}},
{"type":"Feature","properties":{"fid":459,"tourism":"hotel","wheelchair":null,"website":null,"phone":null,"operator":null,"internet_access":null,"brand":null,"name":"Hotel East Riverine","stars":null,"rooms":null},"geometry":{"type":"Point","coordinates":[101.6979408,3.1631614]}},
{"type":"Feature","properties":{"fid":460,"tourism":"hotel","wheelchair":null,"website":"https://www.hotelchinatown2.com","phone":"+60323324779","operator":null,"internet_access":"wlan","brand":null,"name":"China Town 2","stars":null,"rooms":null},"geometry":{"type":"Point","coordinates":[101.69788,3.1434895]}},
{"type":"Feature","properties":{"fid":461,"tourism":"hotel","wheelchair":null,"website":null,"phone":null,"operator":null,"internet_access":null,"brand":null,"name":"Big M Hotel","stars":null,"rooms":null},"geometry":{"type":"Point","coordinates":[101.6969595,3.1490624]}},
{"type":"Feature","properties":{"fid":462,"tourism":"hotel","wheelchair":null,"website":null,"phone":"+60320704566","operator":null,"internet_access":null,"brand":null,"name":"Hotel Excel Inn","stars":2,"rooms":null},"geometry":{"type":"Point","coordinates":[101.6976145,3.1431985]}},
{"type":"Feature","properties":{"fid":463,"tourism":"hotel","wheelchair":null,"website":null,"phone":null,"operator":null,"internet_access":"wlan","brand":null,"name":"Business Hotel Hartamas","stars":null,"rooms":null},"geometry":{"type":"Point","coordinates":[101.6494365,3.1625218]}},
{"type":"Feature","properties":{"fid":464,"tourism":"guest_house","wheelchair":null,"website":null,"phone":null,"operator":null,"internet_access":"wlan","brand":null,"name":"Monkey Mansion Putra Majestik","stars":null,"rooms":null},"geometry":{"type":"Point","coordinates":[101.6849033,3.1757565]}},
{"type":"Feature","properties":{"fid":465,"tourism":"guest_house","wheelchair":null,"website":null,"phone":"+60123512735;+60166576735","operator":null,"internet_access":"wlan","brand":null,"name":"Tiong Nam 32","stars":null,"rooms":null},"geometry":{"type":"Point","coordinates":[101.6953331,3.1647301]}},
{"type":"Feature","properties":{"fid":466,"tourism":"hotel","wheelchair":null,"website":null,"phone":null,"operator":null,"internet_access":null,"brand":null,"name":"SCC Gateway Chinatown Hotel","stars":null,"rooms":null},"geometry":{"type":"Point","coordinates":[101.6975951,3.1451389]}},
{"type":"Feature","properties":{"fid":467,"tourism":"hotel","wheelchair":null,"website":null,"phone":null,"operator":null,"internet_access":"yes","brand":null,"name":"Hotel New Cloud","stars":null,"rooms":null},"geometry":{"type":"Point","coordinates":[101.686112,3.1778435]}},
{"type":"Feature","properties":{"fid":468,"tourism":"guest_house","wheelchair":null,"website":null,"phone":"+60192170507","operator":null,"internet_access":null,"brand":null,"name":"Rumah Tamu Datin Halijah","stars":null,"rooms":null},"geometry":{"type":"Point","coordinates":[101.6935196,3.1951657]}},
{"type":"Feature","properties":{"fid":469,"tourism":"hotel","wheelchair":null,"website":null,"phone":null,"operator":null,"internet_access":null,"brand":null,"name":"Sakura Hotel","stars":null,"rooms":null},"geometry":{"type":"Point","coordinates":[101.717727,3.1326789]}},
{"type":"Feature","properties":{"fid":470,"tourism":"hotel","wheelchair":null,"website":null,"phone":"+60122308866","operator":null,"internet_access":"wlan","brand":null,"name":"OA The Factory at Bukit Bintang","stars":null,"rooms":null},"geometry":{"type":"Point","coordinates":[101.7083291,3.1433413]}},
{"type":"Feature","properties":{"fid":471,"tourism":"hotel","wheelchair":null,"website":null,"phone":null,"operator":null,"internet_access":null,"brand":null,"name":"The Freedom Club Hostel KL","stars":null,"rooms":null},"geometry":{"type":"Point","coordinates":[101.7138245,3.1440807]}},
{"type":"Feature","properties":{"fid":472,"tourism":"hostel","wheelchair":null,"website":null,"phone":null,"operator":null,"internet_access":null,"brand":null,"name":"Premium Hostel","stars":null,"rooms":null},"geometry":{"type":"Point","coordinates":[101.6309484,3.1364261]}},
{"type":"Feature","properties":{"fid":473,"tourism":"hotel","wheelchair":null,"website":null,"phone":null,"operator":null,"internet_access":null,"brand":null,"name":"Space Hotel @ China Town Kuala Lumpur","stars":null,"rooms":null},"geometry":{"type":"Point","coordinates":[101.6969412,3.145768]}},
{"type":"Feature","properties":{"fid":475,"tourism":"hotel","wheelchair":null,"website":null,"phone":null,"operator":null,"internet_access":null,"brand":null,"name":"SCC Chinatown","stars":null,"rooms":null},"geometry":{"type":"Point","coordinates":[101.6978695,3.1433893]}},
{"type":"Feature","properties":{"fid":476,"tourism":"apartment","wheelchair":null,"website":null,"phone":null,"operator":null,"internet_access":null,"brand":null,"name":"Perumahan Awam Setapak Jaya 1A Block 08","stars":null,"rooms":null},"geometry":{"type":"Point","coordinates":[101.7308892,3.1965186]}},
{"type":"Feature","properties":{"fid":477,"tourism":"hotel","wheelchair":null,"website":null,"phone":null,"operator":null,"internet_access":null,"brand":null,"name":"One-Stop Residence Hotel & Office","stars":null,"rooms":null},"geometry":{"type":"Point","coordinates":[101.7151115,3.129778]}},
{"type":"Feature","properties":{"fid":478,"tourism":"hotel","wheelchair":null,"website":null,"phone":null,"operator":null,"internet_access":null,"brand":null,"name":"Le Quadri Hotel","stars":null,"rooms":null},"geometry":{"type":"Point","coordinates":[101.732365,3.0774407]}},
{"type":"Feature","properties":{"fid":479,"tourism":"hotel","wheelchair":null,"website":"https://www.sleepinglionsuites.com/","phone":"+60321198999","operator":null,"internet_access":"wlan","brand":null,"name":"Sleeping Lion Suites","stars":3,"rooms":null},"geometry":{"type":"Point","coordinates":[101.714352,3.1460703]}},
{"type":"Feature","properties":{"fid":480,"tourism":"hotel","wheelchair":null,"website":null,"phone":null,"operator":null,"internet_access":null,"brand":null,"name":"One Enigma Hotel","stars":null,"rooms":null},"geometry":{"type":"Point","coordinates":[101.6911554,3.1724163]}},
{"type":"Feature","properties":{"fid":481,"tourism":"hotel","wheelchair":null,"website":"https://www.hyatt.com/park-hyatt/en-US/kulph-park-hyatt-kuala-lumpur","phone":"+60323331234","operator":null,"internet_access":"wlan","brand":"Park Hyatt","name":"Park Hyatt Kuala Lumpur","stars":5,"rooms":null},"geometry":{"type":"Point","coordinates":[101.700827,3.1419163]}},
{"type":"Feature","properties":{"fid":482,"tourism":"hotel","wheelchair":null,"website":"https://www.oyorooms.com/89900/","phone":"+60350378296","operator":null,"internet_access":null,"brand":"OYO","name":"OYO 89652 Bjorn Boutique Hotel","stars":2,"rooms":null},"geometry":{"type":"Point","coordinates":[101.6870451,3.0989627]}},
{"type":"Feature","properties":{"fid":483,"tourism":"hotel","wheelchair":null,"website":null,"phone":null,"operator":null,"internet_access":null,"brand":null,"name":"Sand Hotel","stars":null,"rooms":null},"geometry":{"type":"Point","coordinates":[101.6972878,3.1424116]}},
{"type":"Feature","properties":{"fid":484,"tourism":"hotel","wheelchair":"yes","website":"https://www.imperiallexiskl.com/","phone":"+60321771188","operator":null,"internet_access":"wlan","brand":null,"name":"Imperial Lexis Kuala Lumpur","stars":5,"rooms":null},"geometry":{"type":"Point","coordinates":[101.716205,3.1527745]}},
{"type":"Feature","properties":{"fid":485,"tourism":"hotel","wheelchair":null,"website":"https://www.amari.com/kuala-lumpur","phone":"+60323305800","operator":null,"internet_access":null,"brand":null,"name":"Hotel Amari","stars":5,"rooms":252},"geometry":{"type":"Point","coordinates":[101.6733143,3.1176527]}},
{"type":"Feature","properties":{"fid":486,"tourism":"hotel","wheelchair":null,"website":null,"phone":null,"operator":null,"internet_access":null,"brand":"OYO","name":"Cool Hotel","stars":null,"rooms":null},"geometry":{"type":"Point","coordinates":[101.6715026,3.2339084]}},
{"type":"Feature","properties":{"fid":487,"tourism":"hotel","wheelchair":null,"website":null,"phone":null,"operator":null,"internet_access":null,"brand":null,"name":"Everest Hotel","stars":null,"rooms":null},"geometry":{"type":"Point","coordinates":[101.696102,3.1475104]}},
{"type":"Feature","properties":{"fid":488,"tourism":"hotel","wheelchair":null,"website":"https://www.samadhiretreats.com/villa-samadhi-kuala-lumpur?catagoryId=16","phone":"+60321432300","operator":null,"internet_access":"wlan","brand":null,"name":"Villa Samadhi Kuala Lumpur","stars":5,"rooms":null},"geometry":{"type":"Point","coordinates":[101.7261317,3.1560731]}},
{"type":"Feature","properties":{"fid":489,"tourism":"guest_house","wheelchair":null,"website":"https://www.booking.com/hotel/my/5-twenty-ampang-hilir.de.html","phone":"+60123820802","operator":null,"internet_access":null,"brand":null,"name":"5 Twenty @ Ampang Hilir","stars":null,"rooms":null},"geometry":{"type":"Point","coordinates":[101.7297321,3.1557241]}},
{"type":"Feature","properties":{"fid":490,"tourism":"hotel","wheelchair":null,"website":"https://chillglobalhotel.com/chill-suites-kuala-lumpur/","phone":"+60174409339","operator":null,"internet_access":null,"brand":null,"name":"Chill Suites","stars":null,"rooms":null},"geometry":{"type":"Point","coordinates":[101.7051172,3.1426235]}},
{"type":"Feature","properties":{"fid":491,"tourism":"hotel","wheelchair":null,"website":"https://www.wyndhamhotels.com/ramada/kuala-lumpur/ramada-encore-chinatown-kuala-lumpur/rooms-rates","phone":null,"operator":"Wyndham","internet_access":null,"brand":"Ramada","name":"Ramada Encore","stars":null,"rooms":null},"geometry":{"type":"Point","coordinates":[101.7005292,3.1465278]}},
{"type":"Feature","properties":{"fid":492,"tourism":"hotel","wheelchair":null,"website":null,"phone":"+60133330030","operator":null,"internet_access":null,"brand":null,"name":"HSK","stars":null,"rooms":null},"geometry":{"type":"Point","coordinates":[101.7004997,3.1462204]}},
{"type":"Feature","properties":{"fid":493,"tourism":"hotel","wheelchair":null,"website":null,"phone":null,"operator":null,"internet_access":null,"brand":"OYO","name":"OYO 90160 Kl City Lodge","stars":null,"rooms":null},"geometry":{"type":"Point","coordinates":[101.7005903,3.1461962]}},
{"type":"Feature","properties":{"fid":494,"tourism":"hotel","wheelchair":null,"website":null,"phone":null,"operator":null,"internet_access":null,"brand":null,"name":"NN Hotel KLCC","stars":null,"rooms":null},"geometry":{"type":"Point","coordinates":[101.7045224,3.1592713]}},
{"type":"Feature","properties":{"fid":495,"tourism":"hotel","wheelchair":null,"website":null,"phone":null,"operator":null,"internet_access":null,"brand":null,"name":"Kingston","stars":null,"rooms":null},"geometry":{"type":"Point","coordinates":[101.7064299,3.1443305]}},
{"type":"Feature","properties":{"fid":496,"tourism":"hotel","wheelchair":null,"website":null,"phone":null,"operator":null,"internet_access":"wlan","brand":null,"name":null,"stars":null,"rooms":null},"geometry":{"type":"Point","coordinates":[101.7090116,3.132098]}},
{"type":"Feature","properties":{"fid":497,"tourism":"hostel","wheelchair":"limited","website":null,"phone":null,"operator":null,"internet_access":"wlan","brand":null,"name":"Wakaka Hostel","stars":null,"rooms":null},"geometry":{"type":"Point","coordinates":[101.7151807,3.1298487]}},
{"type":"Feature","properties":{"fid":498,"tourism":"hostel","wheelchair":null,"website":null,"phone":null,"operator":null,"internet_access":null,"brand":null,"name":"Bright Star Inn","stars":null,"rooms":null},"geometry":{"type":"Point","coordinates":[101.6983141,3.1485675]}},
{"type":"Feature","properties":{"fid":499,"tourism":"apartment","wheelchair":null,"website":null,"phone":null,"operator":null,"internet_access":null,"brand":null,"name":"Homestyle","stars":null,"rooms":null},"geometry":{"type":"Point","coordinates":[101.7039795,3.1587128]}},
{"type":"Feature","properties":{"fid":500,"tourism":"apartment","wheelchair":null,"website":null,"phone":null,"operator":null,"internet_access":null,"brand":null,"name":"Luma","stars":null,"rooms":null},"geometry":{"type":"Point","coordinates":[101.7043304,3.158708]}},
{"type":"Feature","properties":{"fid":501,"tourism":"apartment","wheelchair":null,"website":null,"phone":null,"operator":null,"internet_access":null,"brand":null,"name":"Holma","stars":null,"rooms":null},"geometry":{"type":"Point","coordinates":[101.7043046,3.1586702]}},
{"type":"Feature","properties":{"fid":502,"tourism":"apartment","wheelchair":null,"website":null,"phone":null,"operator":null,"internet_access":null,"brand":null,"name":"Face Style","stars":null,"rooms":null},"geometry":{"type":"Point","coordinates":[101.7045647,3.1584732]}},
{"type":"Feature","properties":{"fid":504,"tourism":"hotel","wheelchair":null,"website":null,"phone":null,"operator":null,"internet_access":null,"brand":"Moxy","name":"Moxy","stars":null,"rooms":null},"geometry":{"type":"Point","coordinates":[101.6975557,3.1473551]}},
{"type":"Feature","properties":{"fid":505,"tourism":"hotel","wheelchair":null,"website":"yoonthye@hotmail.com","phone":"+60340426336","operator":null,"internet_access":null,"brand":null,"name":"Yoon Thye","stars":null,"rooms":null},"geometry":{"type":"Point","coordinates":[101.6979917,3.1661546]}},
{"type":"Feature","properties":{"fid":506,"tourism":"hotel","wheelchair":null,"website":null,"phone":null,"operator":null,"internet_access":null,"brand":null,"name":"Hotel Classic Inn","stars":null,"rooms":null},"geometry":{"type":"Point","coordinates":[101.691518,3.1358473]}},
{"type":"Feature","properties":{"fid":508,"tourism":"hotel","wheelchair":null,"website":null,"phone":"+601126690434","operator":null,"internet_access":null,"brand":null,"name":"Prime","stars":3,"rooms":null},"geometry":{"type":"Point","coordinates":[101.715263,3.1452804]}},
{"type":"Feature","properties":{"fid":509,"tourism":"hotel","wheelchair":null,"website":null,"phone":null,"operator":null,"internet_access":null,"brand":null,"name":"D Loft Hotel","stars":null,"rooms":null},"geometry":{"type":"Point","coordinates":[101.6974739,3.1426013]}},
{"type":"Feature","properties":{"fid":510,"tourism":"hotel","wheelchair":null,"website":null,"phone":"+60362501561","operator":null,"internet_access":null,"brand":null,"name":"Hwa Loong","stars":null,"rooms":null},"geometry":{"type":"Point","coordinates":[101.6479508,3.2121801]}},
{"type":"Feature","properties":{"fid":511,"tourism":"hotel","wheelchair":null,"website":null,"phone":null,"operator":null,"internet_access":null,"brand":null,"name":"Hotel Indigo by IHG","stars":null,"rooms":null},"geometry":{"type":"Point","coordinates":[101.7059243,3.1527748]}},
{"type":"Feature","properties":{"fid":512,"tourism":"hotel","wheelchair":null,"website":null,"phone":null,"operator":null,"internet_access":null,"brand":"Holiday Inn","name":"Holiday Inn Kuala Lumpur","stars":null,"rooms":null},"geometry":{"type":"Point","coordinates":[101.6759093,3.126915]}},
{"type":"Feature","properties":{"fid":513,"tourism":"hotel","wheelchair":null,"website":"https://www.themaplesuite.com/","phone":"+60320263333","operator":null,"internet_access":null,"brand":null,"name":"The Maple Suite","stars":null,"rooms":null},"geometry":{"type":"Point","coordinates":[101.7051581,3.1498461]}},
{"type":"Feature","properties":{"fid":514,"tourism":"hotel","wheelchair":null,"website":null,"phone":null,"operator":null,"internet_access":null,"brand":null,"name":"Suasana Suites","stars":null,"rooms":null},"geometry":{"type":"Point","coordinates":[101.7030734,3.1484676]}},
{"type":"Feature","properties":{"fid":515,"tourism":"hotel","wheelchair":null,"website":null,"phone":null,"operator":null,"internet_access":null,"brand":null,"name":"Ceylonz Suites @ Bukit Ceylon","stars":null,"rooms":null},"geometry":{"type":"Point","coordinates":[101.7020488,3.1484877]}},
{"type":"Feature","properties":{"fid":516,"tourism":"hostel","wheelchair":null,"website":null,"phone":null,"operator":null,"internet_access":null,"brand":null,"name":"Kitez Hotel & Bunks","stars":null,"rooms":null},"geometry":{"type":"Point","coordinates":[101.6974228,3.1447734]}},
{"type":"Feature","properties":{"fid":517,"tourism":"hotel","wheelchair":null,"website":null,"phone":null,"operator":null,"internet_access":null,"brand":null,"name":"Lantern Hotel","stars":null,"rooms":null},"geometry":{"type":"Point","coordinates":[101.6977112,3.1445965]}},
{"type":"Feature","properties":{"fid":518,"tourism":"apartment","wheelchair":null,"website":null,"phone":null,"operator":null,"internet_access":"yes","brand":null,"name":"DreamWood Kuala Lumpur","stars":null,"rooms":3},"geometry":{"type":"Point","coordinates":[101.7211349,3.1455731]}},
{"type":"Feature","properties":{"fid":519,"tourism":"hotel","wheelchair":null,"website":null,"phone":null,"operator":null,"internet_access":null,"brand":null,"name":"Hotel Pollodium","stars":null,"rooms":null},"geometry":{"type":"Point","coordinates":[101.6984771,3.1445077]}},
{"type":"Feature","properties":{"fid":520,"tourism":"guest_house","wheelchair":null,"website":null,"phone":null,"operator":null,"internet_access":null,"brand":null,"name":"House Nenek","stars":null,"rooms":null},"geometry":{"type":"Point","coordinates":[101.700181,3.2105562]}},
{"type":"Feature","properties":{"fid":521,"tourism":"hotel","wheelchair":null,"website":"https://perdana.attanahotels.com/perdana-klcc","phone":"+60374903333","operator":null,"internet_access":"wlan","brand":null,"name":"Perdana Kuala Lumpur City Centre","stars":4,"rooms":null},"geometry":{"type":"Point","coordinates":[101.7185789,3.158107]}},
{"type":"Feature","properties":{"fid":522,"tourism":"hotel","wheelchair":null,"website":null,"phone":null,"operator":null,"internet_access":null,"brand":"The Ritz-Carlton","name":"The Ritz-Carlton, Kuala Lumpur","stars":5,"rooms":null},"geometry":{"type":"Point","coordinates":[101.7153426,3.1469728]}},
{"type":"Feature","properties":{"fid":523,"tourism":"hotel","wheelchair":null,"website":null,"phone":null,"operator":null,"internet_access":null,"brand":null,"name":"No One Lodge","stars":null,"rooms":null},"geometry":{"type":"Point","coordinates":[101.7095019,3.1376738]}},
{"type":"Feature","properties":{"fid":524,"tourism":"apartment","wheelchair":null,"website":null,"phone":null,"operator":null,"internet_access":null,"brand":null,"name":"Maplehome Short-stay","stars":null,"rooms":null},"geometry":{"type":"Point","coordinates":[101.7055267,3.1435886]}},
{"type":"Feature","properties":{"fid":525,"tourism":"guest_house","wheelchair":null,"website":"https://www.cobnb.com.my/embassy-villa-cobnb","phone":"+60162816737","operator":"Cobnb","internet_access":null,"brand":null,"name":"Embassy Villa By Cobnb","stars":null,"rooms":null},"geometry":{"type":"Point","coordinates":[101.7299403,3.1576226]}},
{"type":"Feature","properties":{"fid":526,"tourism":"hotel","wheelchair":null,"website":"https://bhotel.com.my/","phone":null,"operator":null,"internet_access":null,"brand":null,"name":"B Hotel","stars":null,"rooms":null},"geometry":{"type":"Point","coordinates":[101.6979224,3.1431463]}},
{"type":"Feature","properties":{"fid":527,"tourism":"hotel","wheelchair":null,"website":null,"phone":null,"operator":null,"internet_access":null,"brand":null,"name":"Hotel Chinatown Inn","stars":null,"rooms":null},"geometry":{"type":"Point","coordinates":[101.6978086,3.1439811]}},
{"type":"Feature","properties":{"fid":528,"tourism":"hotel","wheelchair":null,"website":null,"phone":null,"operator":null,"internet_access":null,"brand":null,"name":"Floresta Hotel @ Chinatown","stars":null,"rooms":null},"geometry":{"type":"Point","coordinates":[101.6978776,3.1436151]}},
{"type":"Feature","properties":{"fid":529,"tourism":"hotel","wheelchair":null,"website":null,"phone":null,"operator":null,"internet_access":null,"brand":null,"name":"Upper Hotel Suites Kl Sentral","stars":null,"rooms":null},"geometry":{"type":"Point","coordinates":[101.6899595,3.1303516]}},
{"type":"Feature","properties":{"fid":530,"tourism":"hotel","wheelchair":"yes","website":"https://www.marriott.com/hotels/travel/kuldt-jw-marriott-hotel-kuala-lumpur/","phone":"+60327159000","operator":null,"internet_access":null,"brand":"JW Marriott","name":"JW Marriott Hotel Kuala Lumpur","stars":4,"rooms":null},"geometry":{"type":"Point","coordinates":[101.7138511,3.1479713]}},
{"type":"Feature","properties":{"fid":531,"tourism":"hotel","wheelchair":null,"website":"https://www.ihg.com/holidayinn/hotels/us/en/kuala-lumpur/kulba/hoteldetail","phone":null,"operator":null,"internet_access":"wlan","brand":"Holiday Inn","name":"Holiday Inn","stars":4,"rooms":null},"geometry":{"type":"Point","coordinates":[101.6754657,3.1266389]}},
{"type":"Feature","properties":{"fid":532,"tourism":"hotel","wheelchair":null,"website":null,"phone":null,"operator":null,"internet_access":null,"brand":null,"name":"Asia Like Boutique Hotel","stars":null,"rooms":null},"geometry":{"type":"Point","coordinates":[101.708191,3.1428828]}},
{"type":"Feature","properties":{"fid":533,"tourism":"guest_house","wheelchair":null,"website":null,"phone":null,"operator":null,"internet_access":null,"brand":null,"name":"House Atuk Abu Bakar","stars":null,"rooms":null},"geometry":{"type":"Point","coordinates":[101.6681483,3.2032168]}},
{"type":"Feature","properties":{"fid":534,"tourism":"hotel","wheelchair":null,"website":"https://www.hyatt.com/grand-hyatt/en-US/kuagh-grand-hyatt-kuala-lumpur","phone":"+60321821234","operator":null,"internet_access":"wlan","brand":"Grand Hyatt","name":"Grand Hyatt","stars":5,"rooms":412},"geometry":{"type":"Point","coordinates":[101.7121373,3.1536113]}},
{"type":"Feature","properties":{"fid":535,"tourism":"guest_house","wheelchair":null,"website":null,"phone":null,"operator":null,"internet_access":null,"brand":null,"name":"Upstairs Downstairs","stars":null,"rooms":null},"geometry":{"type":"Point","coordinates":[101.7077172,3.1436427]}},
{"type":"Feature","properties":{"fid":536,"tourism":"hotel","wheelchair":null,"website":null,"phone":null,"operator":null,"internet_access":null,"brand":null,"name":"Swings & Pillows","stars":null,"rooms":null},"geometry":{"type":"Point","coordinates":[101.7079227,3.1428129]}},
{"type":"Feature","properties":{"fid":537,"tourism":"hostel","wheelchair":"no","website":null,"phone":"+601127009084","operator":null,"internet_access":"wlan","brand":null,"name":"ARK Staycation Home","stars":null,"rooms":null},"geometry":{"type":"Point","coordinates":[101.7155161,3.1126941]}},
{"type":"Feature","properties":{"fid":538,"tourism":"hostel","wheelchair":null,"website":"https://ymcakl.com/our-facilities/hostel/","phone":"+60322741439","operator":null,"internet_access":"wlan","brand":null,"name":"YMCA of Kuala Lumpur Hostel","stars":null,"rooms":null},"geometry":{"type":"Point","coordinates":[101.689741,3.1335203]}},
{"type":"Feature","properties":{"fid":539,"tourism":"hotel","wheelchair":null,"website":null,"phone":null,"operator":null,"internet_access":null,"brand":null,"name":"Hotel Uptown","stars":null,"rooms":null},"geometry":{"type":"Point","coordinates":[101.6985576,3.14375]}},
{"type":"Feature","properties":{"fid":540,"tourism":"hotel","wheelchair":null,"website":null,"phone":null,"operator":null,"internet_access":null,"brand":null,"name":"M Design Hotel","stars":null,"rooms":null},"geometry":{"type":"Point","coordinates":[101.7293399,3.1135314]}},
{"type":"Feature","properties":{"fid":541,"tourism":"hotel","wheelchair":null,"website":null,"phone":null,"operator":null,"internet_access":null,"brand":null,"name":"The Boulevard St. Giles Premier Hotel","stars":null,"rooms":null},"geometry":{"type":"Point","coordinates":[101.6774351,3.1191723]}},
{"type":"Feature","properties":{"fid":542,"tourism":"guest_house","wheelchair":null,"website":null,"phone":null,"operator":null,"internet_access":null,"brand":null,"name":"Nomad Shophouse","stars":null,"rooms":null},"geometry":{"type":"Point","coordinates":[101.7010787,3.1467622]}},
{"type":"Feature","properties":{"fid":543,"tourism":"hotel","wheelchair":null,"website":null,"phone":null,"operator":null,"internet_access":null,"brand":null,"name":"Sungold Inn Hotel","stars":null,"rooms":null},"geometry":{"type":"Point","coordinates":[101.7086761,3.1433947]}},
{"type":"Feature","properties":{"fid":544,"tourism":"hotel","wheelchair":null,"website":null,"phone":null,"operator":null,"internet_access":null,"brand":null,"name":"Sun Inns International","stars":null,"rooms":null},"geometry":{"type":"Point","coordinates":[101.6912737,3.1351955]}},
{"type":"Feature","properties":{"fid":545,"tourism":"hotel","wheelchair":null,"website":null,"phone":null,"operator":null,"internet_access":null,"brand":null,"name":"Hotel 99","stars":null,"rooms":null},"geometry":{"type":"Point","coordinates":[101.6580519,3.2089983]}},
{"type":"Feature","properties":{"fid":546,"tourism":"hostel","wheelchair":null,"website":null,"phone":"+60162818622","operator":null,"internet_access":"wlan","brand":null,"name":null,"stars":null,"rooms":null},"geometry":{"type":"Point","coordinates":[101.6974303,3.1447418]}},
{"type":"Feature","properties":{"fid":547,"tourism":"guest_house","wheelchair":null,"website":null,"phone":null,"operator":null,"internet_access":null,"brand":null,"name":"Vai Bnb","stars":null,"rooms":null},"geometry":{"type":"Point","coordinates":[101.7209499,3.1463117]}},
{"type":"Feature","properties":{"fid":548,"tourism":"hotel","wheelchair":null,"website":null,"phone":null,"operator":null,"internet_access":null,"brand":null,"name":"Hotel 33","stars":null,"rooms":null},"geometry":{"type":"Point","coordinates":[101.7423258,3.0879241]}},
{"type":"Feature","properties":{"fid":549,"tourism":"apartment","wheelchair":null,"website":null,"phone":null,"operator":null,"internet_access":null,"brand":null,"name":"Soho Suites A1","stars":null,"rooms":null},"geometry":{"type":"Point","coordinates":[101.7093106,3.1537839]}},
{"type":"Feature","properties":{"fid":550,"tourism":"hotel","wheelchair":null,"website":null,"phone":null,"operator":null,"internet_access":null,"brand":null,"name":"Hotel Smile","stars":null,"rooms":null},"geometry":{"type":"Point","coordinates":[101.6977464,3.1760338]}},
{"type":"Feature","properties":{"fid":551,"tourism":"apartment","wheelchair":null,"website":null,"phone":null,"operator":null,"internet_access":"wlan","brand":null,"name":"Royce Residence","stars":null,"rooms":null},"geometry":{"type":"Point","coordinates":[101.7141757,3.1629401]}},
{"type":"Feature","properties":{"fid":552,"tourism":"guest_house","wheelchair":null,"website":null,"phone":null,"operator":null,"internet_access":null,"brand":null,"name":"Residensi TTDI 16","stars":null,"rooms":null},"geometry":{"type":"Point","coordinates":[101.6292028,3.1566261]}},
{"type":"Feature","properties":{"fid":553,"tourism":"guest_house","wheelchair":null,"website":null,"phone":null,"operator":null,"internet_access":null,"brand":null,"name":"House Pakcik Aziz Uncle Ziyadh","stars":null,"rooms":null},"geometry":{"type":"Point","coordinates":[101.6296021,3.1564836]}},
{"type":"Feature","properties":{"fid":554,"tourism":"hotel","wheelchair":null,"website":"https://www.shangri-la.com/kualalumpur/traders/","phone":"+60323329888","operator":null,"internet_access":"wlan","brand":"Shangri-La","name":"Traders Hotel","stars":4,"rooms":null},"geometry":{"type":"Point","coordinates":[101.7150455,3.1541033]}},
{"type":"Feature","properties":{"fid":555,"tourism":"hotel","wheelchair":null,"website":"http://www.anggunkl.com/","phone":"+60321458003","operator":null,"internet_access":null,"brand":null,"name":"Anggun Boutique Hotel","stars":null,"rooms":null},"geometry":{"type":"Point","coordinates":[101.7071479,3.1455251]}},
{"type":"Feature","properties":{"fid":556,"tourism":"hotel","wheelchair":null,"website":"https://www.ihg.com/kimptonhotels/hotels/us/en/kuala-lumpur/kulte/hoteldetail","phone":"+60327088888","operator":null,"internet_access":"yes","brand":"Kimpton","name":"Kimpton Naluria Kuala Lumpur","stars":null,"rooms":466},"geometry":{"type":"Point","coordinates":[101.7189723,3.1424683]}},
{"type":"Feature","properties":{"fid":557,"tourism":"hotel","wheelchair":null,"website":"https://www.scotthotel.com.my/","phone":"+60322731222","operator":null,"internet_access":null,"brand":null,"name":"Scott","stars":3,"rooms":null},"geometry":{"type":"Point","coordinates":[101.6909665,3.1362547]}},
{"type":"Feature","properties":{"fid":558,"tourism":"hotel","wheelchair":null,"website":null,"phone":null,"operator":null,"internet_access":null,"brand":null,"name":"A Star Hotel","stars":null,"rooms":null},"geometry":{"type":"Point","coordinates":[101.7090826,3.1451685]}},
{"type":"Feature","properties":{"fid":559,"tourism":"hotel","wheelchair":null,"website":null,"phone":null,"operator":null,"internet_access":null,"brand":null,"name":"T-Hotel","stars":null,"rooms":null},"geometry":{"type":"Point","coordinates":[101.7089947,3.145103]}},
{"type":"Feature","properties":{"fid":560,"tourism":"hotel","wheelchair":null,"website":null,"phone":"+601111807397","operator":null,"internet_access":null,"brand":null,"name":"Veone Hotel Kuala Lumpur","stars":null,"rooms":null},"geometry":{"type":"Point","coordinates":[101.6994332,3.1598805]}},
{"type":"Feature","properties":{"fid":561,"tourism":"guest_house","wheelchair":null,"website":null,"phone":null,"operator":null,"internet_access":null,"brand":null,"name":"House Nenek Mirah","stars":null,"rooms":null},"geometry":{"type":"Point","coordinates":[101.7054749,3.2082291]}},
{"type":"Feature","properties":{"fid":562,"tourism":"guest_house","wheelchair":null,"website":null,"phone":null,"operator":null,"internet_access":"wlan","brand":null,"name":"Monkey Mansion Signature","stars":null,"rooms":null},"geometry":{"type":"Point","coordinates":[101.6836762,3.1757513]}},
{"type":"Feature","properties":{"fid":563,"tourism":"hotel","wheelchair":null,"website":null,"phone":null,"operator":null,"internet_access":null,"brand":null,"name":"Kingston","stars":null,"rooms":null},"geometry":{"type":"Point","coordinates":[101.7137549,3.1398063]}},
{"type":"Feature","properties":{"fid":564,"tourism":"hotel","wheelchair":null,"website":null,"phone":null,"operator":null,"internet_access":null,"brand":null,"name":"Kingston","stars":null,"rooms":null},"geometry":{"type":"Point","coordinates":[101.7097826,3.1457036]}},
{"type":"Feature","properties":{"fid":565,"tourism":"hotel","wheelchair":null,"website":null,"phone":null,"operator":null,"internet_access":null,"brand":null,"name":"Bitz Bintang","stars":null,"rooms":null},"geometry":{"type":"Point","coordinates":[101.7093514,3.1451273]}},
{"type":"Feature","properties":{"fid":566,"tourism":"hotel","wheelchair":null,"website":null,"phone":null,"operator":null,"internet_access":null,"brand":null,"name":"Ras Hotel","stars":null,"rooms":null},"geometry":{"type":"Point","coordinates":[101.7098314,3.1454464]}},
{"type":"Feature","properties":{"fid":567,"tourism":"hotel","wheelchair":null,"website":null,"phone":null,"operator":null,"internet_access":null,"brand":null,"name":"Hotel D'Lima Inn","stars":null,"rooms":null},"geometry":{"type":"Point","coordinates":[101.7080758,3.1466235]}},
{"type":"Feature","properties":{"fid":568,"tourism":"hotel","wheelchair":null,"website":"https://all.accor.com/hotel/8732/index.en.shtml","phone":"+60327783333","operator":null,"internet_access":null,"brand":"Ibis","name":"Ibis Kuala Lumpur City Centre","stars":4,"rooms":null},"geometry":{"type":"Point","coordinates":[101.714528389160648,3.163267478854766]}},
{"type":"Feature","properties":{"fid":569,"tourism":"hotel","wheelchair":null,"website":null,"phone":null,"operator":null,"internet_access":null,"brand":"Dorsett","name":"Dorsett Kuala Lumpur Hotel","stars":4,"rooms":null},"geometry":{"type":"Point","coordinates":[101.715638140643847,3.147323767079413]}},
{"type":"Feature","properties":{"fid":570,"tourism":"guest_house","wheelchair":null,"website":"http://iyckul.org.my","phone":null,"operator":null,"internet_access":"wlan","brand":null,"name":"Pusat Belia Antarabangsa","stars":null,"rooms":null},"geometry":{"type":"Point","coordinates":[101.722264119545954,3.096039429272479]}},
{"type":"Feature","properties":{"fid":571,"tourism":"hotel","wheelchair":null,"website":null,"phone":null,"operator":null,"internet_access":null,"brand":"Hyatt Place","name":"Hyatt Place","stars":null,"rooms":null},"geometry":{"type":"Point","coordinates":[101.670908408520376,3.053779431979138]}},
{"type":"Feature","properties":{"fid":572,"tourism":"hotel","wheelchair":null,"website":null,"phone":null,"operator":null,"internet_access":null,"brand":"Hotel Brisdale","name":"Hotel Brisdale","stars":null,"rooms":null},"geometry":{"type":"Point","coordinates":[101.699677679809568,3.165975067800962]}},
{"type":"Feature","properties":{"fid":573,"tourism":"hotel","wheelchair":null,"website":null,"phone":null,"operator":null,"internet_access":null,"brand":null,"name":"Hotel Mandarin Pacific","stars":null,"rooms":null},"geometry":{"type":"Point","coordinates":[101.696992956738981,3.142785332846789]}},
{"type":"Feature","properties":{"fid":574,"tourism":"hotel","wheelchair":null,"website":null,"phone":null,"operator":null,"internet_access":null,"brand":null,"name":"Très Hotel","stars":null,"rooms":null},"geometry":{"type":"Point","coordinates":[101.682113807235694,3.122510483910528]}},
{"type":"Feature","properties":{"fid":575,"tourism":"hotel","wheelchair":null,"website":null,"phone":null,"operator":null,"internet_access":null,"brand":null,"name":"Steg Hotel","stars":null,"rooms":null},"geometry":{"type":"Point","coordinates":[101.69543374694905,3.163340679563471]}},
{"type":"Feature","properties":{"fid":576,"tourism":"hotel","wheelchair":null,"website":"https://www.melia.com/en/hotels/malaysia/kuala-lumpur/innside-kuala-lumpur-cheras","phone":null,"operator":null,"internet_access":null,"brand":"INNSiDE by Meliá","name":"INNSiDE by Meliá","stars":null,"rooms":null},"geometry":{"type":"Point","coordinates":[101.73810610000001,3.09421905]}},
{"type":"Feature","properties":{"fid":577,"tourism":"hostel","wheelchair":null,"website":null,"phone":null,"operator":null,"internet_access":null,"brand":null,"name":null,"stars":null,"rooms":null},"geometry":{"type":"Point","coordinates":[101.705435959761161,3.163248747312145]}},
{"type":"Feature","properties":{"fid":578,"tourism":"hotel","wheelchair":null,"website":"http://www.avenuejhotels.com/","phone":"+60320223338","operator":null,"internet_access":null,"brand":"Hotel Avenue J Central Market","name":"Hotel Avenue J Central Market","stars":null,"rooms":null},"geometry":{"type":"Point","coordinates":[101.695404331269884,3.146799778096922]}},
{"type":"Feature","properties":{"fid":579,"tourism":"apartment","wheelchair":null,"website":null,"phone":null,"operator":null,"internet_access":null,"brand":null,"name":"Harvard Residence","stars":null,"rooms":null},"geometry":{"type":"Point","coordinates":[101.706456186518622,3.152331074872749]}},
{"type":"Feature","properties":{"fid":580,"tourism":"hotel","wheelchair":"yes","website":null,"phone":null,"operator":null,"internet_access":null,"brand":"InterContinental","name":"InterContinental Kuala Lumpur","stars":5,"rooms":null},"geometry":{"type":"Point","coordinates":[101.717964219915316,3.159485339969819]}},
{"type":"Feature","properties":{"fid":581,"tourism":"apartment","wheelchair":null,"website":"https://www.the-ascott.com/malaysia/kuala-lumpur/ascott-kuala-lumpur/index.html","phone":"+60327186868","operator":null,"internet_access":null,"brand":null,"name":"The Ascott Kuala Lumpur","stars":null,"rooms":null},"geometry":{"type":"Point","coordinates":[101.710480763413983,3.154674630970438]}},
{"type":"Feature","properties":{"fid":582,"tourism":"hotel","wheelchair":null,"website":"http://www.frasershospitality.com/en/malaysia/kualalumpur/capri-by-fraser-bukit-bintang/","phone":"+60323816888","operator":null,"internet_access":"wlan","brand":null,"name":"Capri by Fraser","stars":4,"rooms":null},"geometry":{"type":"Point","coordinates":[101.71516759521181,3.146532536492515]}},
{"type":"Feature","properties":{"fid":583,"tourism":"apartment","wheelchair":null,"website":null,"phone":null,"operator":null,"internet_access":null,"brand":null,"name":"Cormar Suites Kuala Lumpur","stars":null,"rooms":null},"geometry":{"type":"Point","coordinates":[101.709089491318949,3.154621909188244]}},
{"type":"Feature","properties":{"fid":584,"tourism":"apartment","wheelchair":null,"website":"http://www.eoresidences.com","phone":"+60320232188","operator":"Eastern & Oriental Berhad","internet_access":"wlan","brand":null,"name":"E&O Residences","stars":5,"rooms":200},"geometry":{"type":"Point","coordinates":[101.708365282851858,3.152374243052318]}},
{"type":"Feature","properties":{"fid":585,"tourism":"hotel","wheelchair":null,"website":null,"phone":null,"operator":null,"internet_access":null,"brand":"Holiday Villa Group","name":"Crown Regency Serviced Suites","stars":3,"rooms":null},"geometry":{"type":"Point","coordinates":[101.70820300952974,3.154955468100757]}},
{"type":"Feature","properties":{"fid":586,"tourism":"hotel","wheelchair":null,"website":null,"phone":null,"operator":null,"internet_access":null,"brand":null,"name":"Hotel Festival","stars":null,"rooms":null},"geometry":{"type":"Point","coordinates":[101.72123195234991,3.206488218430533]}},
{"type":"Feature","properties":{"fid":587,"tourism":"hotel","wheelchair":null,"website":null,"phone":"+60320266636","operator":null,"internet_access":null,"brand":null,"name":"Check In Hotel","stars":null,"rooms":null},"geometry":{"type":"Point","coordinates":[101.70018405,3.14655505]}},
{"type":"Feature","properties":{"fid":588,"tourism":"hotel","wheelchair":null,"website":"https://www.marriott.com/hotels/travel/kulfc-four-points-kuala-lumpur-chinatown/","phone":"+60320357333","operator":null,"internet_access":"wlan","brand":"Four Points by Sheraton","name":"Four Points by Sheraton Kuala Lumpur, Chinatown","stars":null,"rooms":318},"geometry":{"type":"Point","coordinates":[101.697805295045072,3.140864480737054]}},
{"type":"Feature","properties":{"fid":589,"tourism":"hotel","wheelchair":null,"website":null,"phone":null,"operator":null,"internet_access":null,"brand":"Mandarin Court","name":"Mandarin Court","stars":null,"rooms":null},"geometry":{"type":"Point","coordinates":[101.700622767801079,3.137272196799579]}},
{"type":"Feature","properties":{"fid":590,"tourism":"hotel","wheelchair":null,"website":null,"phone":null,"operator":null,"internet_access":null,"brand":null,"name":null,"stars":null,"rooms":null},"geometry":{"type":"Point","coordinates":[101.696658368858252,3.154633592545002]}},
{"type":"Feature","properties":{"fid":591,"tourism":"hotel","wheelchair":null,"website":null,"phone":null,"operator":null,"internet_access":null,"brand":"Cititel Hotel","name":"Cititel Hotel","stars":null,"rooms":null},"geometry":{"type":"Point","coordinates":[101.678314596076063,3.117885570770348]}},
{"type":"Feature","properties":{"fid":592,"tourism":"hotel","wheelchair":null,"website":null,"phone":null,"operator":null,"internet_access":null,"brand":null,"name":"Hotel Maluri","stars":null,"rooms":null},"geometry":{"type":"Point","coordinates":[101.729690811763504,3.128459624542781]}},
{"type":"Feature","properties":{"fid":593,"tourism":"hotel","wheelchair":null,"website":"https://komuneliving.com/","phone":null,"operator":null,"internet_access":null,"brand":null,"name":"Komune Living","stars":null,"rooms":null},"geometry":{"type":"Point","coordinates":[101.665359752618542,3.114309694473374]}},
{"type":"Feature","properties":{"fid":594,"tourism":"hotel","wheelchair":null,"website":"https://www.crossroads-hotel.com/flora/","phone":"+60320224020","operator":null,"internet_access":null,"brand":null,"name":"Flora By Crossroads Hotel","stars":null,"rooms":null},"geometry":{"type":"Point","coordinates":[101.701295081466142,3.15490426697152]}},
{"type":"Feature","properties":{"fid":595,"tourism":"apartment","wheelchair":null,"website":null,"phone":null,"operator":null,"internet_access":null,"brand":null,"name":"Sentrio Pandan","stars":null,"rooms":null},"geometry":{"type":"Point","coordinates":[101.737342661586766,3.147986608988511]}},
{"type":"Feature","properties":{"fid":596,"tourism":"hotel","wheelchair":null,"website":null,"phone":"+60362433600","operator":null,"internet_access":null,"brand":"Cairnhill","name":"Cairnhill","stars":3,"rooms":null},"geometry":{"type":"Point","coordinates":[101.6804164,3.18266245]}},
{"type":"Feature","properties":{"fid":597,"tourism":"hotel","wheelchair":null,"website":null,"phone":null,"operator":null,"internet_access":null,"brand":"M Resort & Hotel","name":"M Resort & Hotel","stars":null,"rooms":null},"geometry":{"type":"Point","coordinates":[101.644820266142105,3.129082060324286]}},
{"type":"Feature","properties":{"fid":598,"tourism":"hotel","wheelchair":null,"website":null,"phone":null,"operator":null,"internet_access":null,"brand":"Courtyard","name":"Courtyard by Marriott","stars":null,"rooms":null},"geometry":{"type":"Point","coordinates":[101.661262277126127,3.076202987368225]}},
{"type":"Feature","properties":{"fid":599,"tourism":"hotel","wheelchair":null,"website":null,"phone":null,"operator":null,"internet_access":null,"brand":"Pacific Express Hotel Central Market","name":"Pacific Express Hotel Central Market","stars":null,"rooms":null},"geometry":{"type":"Point","coordinates":[101.695780104787772,3.146720521660548]}},
{"type":"Feature","properties":{"fid":600,"tourism":"hotel","wheelchair":null,"website":null,"phone":null,"operator":null,"internet_access":null,"brand":null,"name":"Hotel Pudu Plaza","stars":null,"rooms":null},"geometry":{"type":"Point","coordinates":[101.713804509197487,3.137522517163537]}},
{"type":"Feature","properties":{"fid":601,"tourism":"apartment","wheelchair":null,"website":null,"phone":null,"operator":null,"internet_access":null,"brand":null,"name":"Marc Residences","stars":null,"rooms":null},"geometry":{"type":"Point","coordinates":[101.709907188544634,3.155157477583588]}},
{"type":"Feature","properties":{"fid":602,"tourism":"hotel","wheelchair":null,"website":"https://www.fhihotels.com/index.php/federal-contact-us","phone":null,"operator":null,"internet_access":null,"brand":null,"name":"The Federal Kuala Lumpur","stars":null,"rooms":null},"geometry":{"type":"Point","coordinates":[101.708857855949304,3.144326080387895]}},
{"type":"Feature","properties":{"fid":603,"tourism":"hotel","wheelchair":null,"website":null,"phone":null,"operator":null,"internet_access":null,"brand":"Club Dolphin Hotel","name":"Club Dolphin Hotel","stars":null,"rooms":null},"geometry":{"type":"Point","coordinates":[101.69527865,3.16277875]}},
{"type":"Feature","properties":{"fid":604,"tourism":"hotel","wheelchair":null,"website":"https://www.hyatt.com/hyatt-centric/kulct-hyatt-centric-city-centre-kuala-lumpur","phone":"+60393881234","operator":null,"internet_access":"yes","brand":"Hyatt Centric","name":"Hyatt Centric City Centre Kuala Lumpur","stars":null,"rooms":430},"geometry":{"type":"Point","coordinates":[101.708107717550405,3.153067114515775]}},
{"type":"Feature","properties":{"fid":605,"tourism":"hotel","wheelchair":null,"website":null,"phone":null,"operator":null,"internet_access":null,"brand":null,"name":"Indie Hotel","stars":null,"rooms":null},"geometry":{"type":"Point","coordinates":[101.704661934192245,3.14837554036247]}},
{"type":"Feature","properties":{"fid":606,"tourism":"hotel","wheelchair":null,"website":"https://www.vehotel.com/","phone":"+60322462888","operator":null,"internet_access":null,"brand":null,"name":"Ve* Hotel & Residence","stars":null,"rooms":null},"geometry":{"type":"Point","coordinates":[101.665370802307251,3.110539527764225]}},
{"type":"Feature","properties":{"fid":607,"tourism":"hotel","wheelchair":null,"website":null,"phone":null,"operator":null,"internet_access":null,"brand":null,"name":"Grand Millenium","stars":null,"rooms":null},"geometry":{"type":"Point","coordinates":[101.71211918005109,3.148059589215712]}},
{"type":"Feature","properties":{"fid":608,"tourism":"hotel","wheelchair":null,"website":null,"phone":null,"operator":null,"internet_access":null,"brand":null,"name":"Hotel Grand Mutiara","stars":null,"rooms":null},"geometry":{"type":"Point","coordinates":[101.69607965,3.16567465]}},
{"type":"Feature","properties":{"fid":609,"tourism":"hotel","wheelchair":null,"website":"https://kualalumpur.concordehotelsresorts.com/","phone":"+60321442200","operator":null,"internet_access":null,"brand":null,"name":"Concorde Hotel","stars":4,"rooms":null},"geometry":{"type":"Point","coordinates":[101.706252080232048,3.155750602996505]}},
{"type":"Feature","properties":{"fid":610,"tourism":"hotel","wheelchair":"yes","website":"https://www.hilton.com/en/hotels/kulumgi-hilton-garden-inn-kuala-lumpur-jalan-tuanku-abdul-rahman-north/?WT.mc_id=zDA0MY1GI2DMH3LocalSearch4DGGeneric_Jan56KULUMGIEN8i1","phone":"+60327788888","operator":"Hilton","internet_access":"yes","brand":"Hilton Garden Inn","name":"Hilton Garden Inn Kuala Lumpur","stars":4,"rooms":267},"geometry":{"type":"Point","coordinates":[101.698475805998498,3.16424058846358]}},
{"type":"Feature","properties":{"fid":611,"tourism":"hotel","wheelchair":null,"website":null,"phone":null,"operator":null,"internet_access":null,"brand":null,"name":"The Graph Hotel","stars":null,"rooms":null},"geometry":{"type":"Point","coordinates":[101.739872868165151,3.094455195628616]}},
{"type":"Feature","properties":{"fid":612,"tourism":"hotel","wheelchair":null,"website":null,"phone":null,"operator":null,"internet_access":null,"brand":null,"name":"Swiss Meadow Hotel","stars":null,"rooms":null},"geometry":{"type":"Point","coordinates":[101.698345649709168,3.16302082511896]}},
{"type":"Feature","properties":{"fid":613,"tourism":"hotel","wheelchair":null,"website":null,"phone":null,"operator":null,"internet_access":null,"brand":"Grand Continental Kuala Lumpur","name":"Grand Continental Kuala Lumpur","stars":null,"rooms":null},"geometry":{"type":"Point","coordinates":[101.696343659277829,3.161776678667448]}},
{"type":"Feature","properties":{"fid":614,"tourism":"hotel","wheelchair":null,"website":null,"phone":null,"operator":null,"internet_access":null,"brand":null,"name":"Hotel Putra Muda","stars":null,"rooms":null},"geometry":{"type":"Point","coordinates":[101.699614044661303,3.167332948522243]}},
{"type":"Feature","properties":{"fid":615,"tourism":"hotel","wheelchair":null,"website":"https://leveragehotel.com/","phone":"+601136882278","operator":null,"internet_access":null,"brand":null,"name":"Yu Hotel Chinatown (YuYan Café & Hotel)","stars":2,"rooms":null},"geometry":{"type":"Point","coordinates":[101.698193749999987,3.14177325]}},
{"type":"Feature","properties":{"fid":616,"tourism":"hotel","wheelchair":null,"website":null,"phone":null,"operator":null,"internet_access":null,"brand":"Crowne Plaza","name":"Crowne Plaza Kuala Lumpur City Centre","stars":null,"rooms":null},"geometry":{"type":"Point","coordinates":[101.714053945662968,3.163268902572379]}},
{"type":"Feature","properties":{"fid":617,"tourism":"hotel","wheelchair":"yes","website":"https://www.oyorooms.com/43709-premium-oyo-home-466-expressionz-suites-studio-kuala-lumpur?rooms_config=1%2C0%2C0","phone":null,"operator":null,"internet_access":"wlan","brand":"OYO","name":"OYO 466 Home Studio Expressionz","stars":null,"rooms":null},"geometry":{"type":"Point","coordinates":[101.712359864918383,3.171755242600122]}},
{"type":"Feature","properties":{"fid":618,"tourism":"hotel","wheelchair":null,"website":null,"phone":null,"operator":null,"internet_access":null,"brand":"Hotel Melia","name":"Hotel Melia","stars":null,"rooms":null},"geometry":{"type":"Point","coordinates":[101.709923394530833,3.143354851884717]}},
{"type":"Feature","properties":{"fid":619,"tourism":"hotel","wheelchair":null,"website":null,"phone":null,"operator":null,"internet_access":null,"brand":"Fairfield Inn","name":"Fairfield By Marriott","stars":null,"rooms":null},"geometry":{"type":"Point","coordinates":[101.698016591857083,3.168979557157431]}},
{"type":"Feature","properties":{"fid":620,"tourism":"hotel","wheelchair":null,"website":null,"phone":null,"operator":null,"internet_access":null,"brand":"Hotel Royal Signature","name":"Hotel Royal Signature","stars":null,"rooms":null},"geometry":{"type":"Point","coordinates":[101.708485562751562,3.144024504960733]}},
{"type":"Feature","properties":{"fid":621,"tourism":"hotel","wheelchair":null,"website":null,"phone":null,"operator":null,"internet_access":null,"brand":null,"name":"Impiana KLCC","stars":null,"rooms":null},"geometry":{"type":"Point","coordinates":[101.711446829423522,3.153417200107236]}},
{"type":"Feature","properties":{"fid":622,"tourism":"apartment","wheelchair":null,"website":"https://www.marriott.com/en-us/hotels/kulea-marriott-executive-apartments-kuala-lumpur","phone":"+60323302880","operator":null,"internet_access":null,"brand":"Marriott","name":"Marriott Executive Apartments","stars":null,"rooms":null},"geometry":{"type":"Point","coordinates":[101.716650697766866,3.152372794225975]}},
{"type":"Feature","properties":{"fid":623,"tourism":"hotel","wheelchair":null,"website":"https://tamuhotel.com","phone":"+60326031999","operator":null,"internet_access":"wlan","brand":null,"name":"TAMU Hotel & Suites","stars":null,"rooms":null},"geometry":{"type":"Point","coordinates":[101.702513207153331,3.163365554318287]}},
{"type":"Feature","properties":{"fid":624,"tourism":"hotel","wheelchair":null,"website":"https://www.discoverasr.com/en/lyf/malaysia/lyf-chinatown-kuala-lumpur","phone":"+60327068899","operator":null,"internet_access":"wlan","brand":"lyf","name":"lyf Chinatown Kuala Lumpur","stars":5,"rooms":null},"geometry":{"type":"Point","coordinates":[101.699156510214266,3.148213219145699]}},
{"type":"Feature","properties":{"fid":625,"tourism":"hotel","wheelchair":null,"website":"https://www.zeconhotel.com","phone":"+60391749901","operator":null,"internet_access":null,"brand":null,"name":"Zecon Hotel","stars":null,"rooms":null},"geometry":{"type":"Point","coordinates":[101.726232255564597,3.102541928278429]}},
{"type":"Feature","properties":{"fid":626,"tourism":"hotel","wheelchair":null,"website":"https://www.hyatt.com/hyatt-regency/en-US/kulrk-hyatt-regency-kuala-lumpur-at-kl-midtown","phone":"+60330931234","operator":null,"internet_access":"yes","brand":"Hyatt Regency","name":"Hyatt Regency","stars":5,"rooms":306},"geometry":{"type":"Point","coordinates":[101.6693831,3.1814701]}},
{"type":"Feature","properties":{"fid":627,"tourism":"apartment","wheelchair":null,"website":null,"phone":"+60327851111","operator":null,"internet_access":"wlan","brand":null,"name":"Swiss Garden Residences","stars":null,"rooms":301},"geometry":{"type":"Point","coordinates":[101.70525558263715,3.143827145578585]}},
{"type":"Feature","properties":{"fid":628,"tourism":"hotel","wheelchair":null,"website":null,"phone":null,"operator":"Sofitel","internet_access":null,"brand":"Sofitel","name":"Sofitel Kuala Lumpur Damansara","stars":null,"rooms":null},"geometry":{"type":"Point","coordinates":[101.661217494035199,3.147010407055487]}},
{"type":"Feature","properties":{"fid":629,"tourism":"hotel","wheelchair":null,"website":"https://www.furama.com/bukitbintang","phone":null,"operator":null,"internet_access":null,"brand":"Furama Bukit Bintang","name":"Furama Bukit Bintang","stars":null,"rooms":null},"geometry":{"type":"Point","coordinates":[101.710403572308834,3.140091812662335]}},
{"type":"Feature","properties":{"fid":630,"tourism":"hotel","wheelchair":null,"website":"http://www.frenzhotelkualalumpur.com/","phone":null,"operator":null,"internet_access":null,"brand":null,"name":"Frenz Hotel","stars":null,"rooms":null},"geometry":{"type":"Point","coordinates":[101.696735519139764,3.154084278138813]}},
{"type":"Feature","properties":{"fid":631,"tourism":"hotel","wheelchair":null,"website":null,"phone":null,"operator":null,"internet_access":"wlan","brand":null,"name":"J-Hotel by Dorsett","stars":null,"rooms":null},"geometry":{"type":"Point","coordinates":[101.717181134028053,3.146813689139742]}},
{"type":"Feature","properties":{"fid":632,"tourism":"apartment","wheelchair":null,"website":null,"phone":null,"operator":null,"internet_access":"wlan","brand":null,"name":"Oasia Service Suite","stars":null,"rooms":null},"geometry":{"type":"Point","coordinates":[101.705307858152338,3.153317921151554]}},
{"type":"Feature","properties":{"fid":633,"tourism":"hotel","wheelchair":null,"website":"http://www.ancasahotels.com/my","phone":"+60320266060","operator":null,"internet_access":null,"brand":null,"name":"Ancasa Hotel KL","stars":null,"rooms":null},"geometry":{"type":"Point","coordinates":[101.699270682559657,3.145117215650178]}},
{"type":"Feature","properties":{"fid":634,"tourism":"hotel","wheelchair":null,"website":null,"phone":null,"operator":null,"internet_access":null,"brand":"Hotel First Business Inn","name":"Hotel First Business Inn","stars":null,"rooms":null},"geometry":{"type":"Point","coordinates":[101.69597435,3.1699646]}},
{"type":"Feature","properties":{"fid":635,"tourism":"hotel","wheelchair":null,"website":null,"phone":null,"operator":null,"internet_access":null,"brand":"Hotel Caliber","name":"Hotel Caliber","stars":null,"rooms":null},"geometry":{"type":"Point","coordinates":[101.739811608099046,3.100716692334481]}},
{"type":"Feature","properties":{"fid":636,"tourism":"hotel","wheelchair":null,"website":null,"phone":null,"operator":null,"internet_access":null,"brand":"Wyndham","name":"Trigo Hotel","stars":null,"rooms":null},"geometry":{"type":"Point","coordinates":[101.695863170376853,3.161903738466231]}},
{"type":"Feature","properties":{"fid":637,"tourism":"hotel","wheelchair":null,"website":null,"phone":null,"operator":null,"internet_access":null,"brand":"Holiday Inn Express","name":"Holiday Inn Express","stars":null,"rooms":null},"geometry":{"type":"Point","coordinates":[101.708666525223876,3.150820304603241]}}
]
}
